15.69,7.53,11.84,3.93,7.28,6.60,5.59,5.21,11.11,9.18,19.37,3.99,12.06,13.64,19.36,23.99,10.36,8.17,2
11.95,6.59,10.93,3.93,7.28,6.60,5.59,5.21,12.22,8.80,18.35,3.99,12.06,14.49,19.36,23.99,9.14,8.17,2
11.21,6.59,10.93,3.93,7.28,6.60,5.59,5.21,12.22,8.42,18.35,3.99,12.06,13.64,19.36,23.99,9.14,8.17,2
8.22,6.59,10.02,4.72,7.28,6.60,5.12,4.78,11.11,8.03,18.35,3.99,12.06,14.49,19.36,23.99,7.92,8.17,2
8.22,6.59,10.02,4.72,6.56,6.60,4.66,4.78,11.11,8.03,18.35,3.63,13.67,14.49,19.36,23.99,7.92,8.17,2
10.46,6.59,10.02,3.93,7.28,6.60,5.12,5.21,11.11,8.80,19.37,3.99,14.47,14.49,22.01,23.99,8.53,8.17,2
17.18,7.53,10.02,3.93,7.28,5.94,5.59,5.64,11.11,8.80,18.35,4.35,13.67,14.49,21.13,23.99,8.53,8.17,2
18.68,7.53,10.93,3.93,7.28,5.94,5.59,5.64,11.11,8.80,18.35,4.35,13.67,14.49,21.13,23.99,9.14,8.17,2
17.18,7.53,10.93,3.93,7.28,5.94,5.59,5.64,11.11,8.80,18.35,4.35,12.87,14.49,20.24,23.99,9.14,8.17,2
17.18,7.53,10.93,3.93,7.28,6.60,5.59,5.64,11.11,8.80,18.35,4.35,12.87,14.49,20.24,23.99,9.14,8.17,2
17.18,7.53,10.93,3.93,7.28,6.60,5.59,5.64,11.11,9.18,19.37,4.35,12.87,14.49,20.24,23.99,9.14,8.17,2
16.43,7.53,10.93,3.93,7.28,6.60,5.59,5.64,11.11,9.18,18.35,4.35,12.87,14.49,21.13,23.99,9.14,8.17,2
17.18,7.53,11.84,3.93,8.01,6.60,5.59,5.64,11.11,9.18,19.37,4.35,12.06,14.49,20.24,23.99,9.75,8.17,2
16.43,6.59,11.84,3.93,7.28,5.94,6.06,6.08,11.11,9.18,18.35,4.35,12.06,14.49,19.36,23.99,10.36,9.08,2
14.19,6.59,11.84,3.93,7.28,5.94,6.06,5.64,11.11,8.80,18.35,4.35,11.26,13.64,19.36,23.99,9.75,8.17,2
11.95,6.59,10.93,3.93,7.28,6.60,5.59,5.64,12.22,8.80,18.35,3.99,12.06,13.64,19.36,23.99,9.14,8.17,2
9.71,6.59,10.02,4.72,7.28,7.26,5.12,5.21,12.22,8.42,19.37,3.99,12.06,14.49,19.36,23.99,8.53,8.17,2
8.22,6.59,10.02,4.72,6.56,6.60,4.66,4.78,11.11,8.03,19.37,3.63,12.06,13.64,19.36,23.99,7.92,8.17,2
8.96,6.59,10.02,4.72,7.28,7.26,5.12,5.21,11.11,8.80,18.35,3.63,14.47,14.49,20.24,23.99,8.53,9.08,2
11.21,6.59,10.93,4.72,7.28,6.60,5.12,5.21,11.11,9.18,19.37,3.99,15.28,14.49,22.01,23.99,8.53,8.17,2
15.69,7.53,10.93,3.93,7.28,6.60,5.59,5.64,11.11,9.56,18.35,3.99,14.47,14.49,22.01,23.99,9.14,8.17,2
17.18,7.53,10.93,3.93,7.28,5.94,5.59,5.64,11.11,9.18,18.35,4.35,13.67,14.49,21.13,23.99,9.14,8.17,2
16.43,7.53,11.84,3.93,7.28,6.60,6.06,5.64,11.11,9.18,18.35,4.35,12.87,14.49,21.13,23.99,9.75,9.08,2
14.94,7.53,11.84,3.93,8.01,6.60,6.06,5.64,11.11,9.18,19.37,4.35,12.06,14.49,20.24,23.99,9.75,8.17,2
12.70,6.59,10.93,3.93,7.28,6.60,5.59,5.21,12.22,8.80,19.37,3.99,12.06,13.64,19.36,23.99,9.14,8.17,2
10.46,6.59,10.02,3.93,7.28,6.60,5.12,5.21,12.22,8.42,19.37,3.99,12.06,13.64,19.36,23.99,8.53,8.17,2
8.96,6.59,10.02,4.72,7.28,7.26,5.12,4.78,11.11,8.42,18.35,3.63,12.06,14.49,19.36,23.99,8.53,8.17,2
8.96,6.59,10.02,4.72,7.28,7.26,4.66,4.78,11.11,8.80,19.37,3.63,12.87,14.49,19.36,23.99,8.53,8.17,2
8.96,6.59,10.02,4.72,7.28,7.26,4.66,4.78,11.11,9.18,19.37,3.63,13.67,14.49,21.13,23.99,8.53,8.17,2
8.96,6.59,10.93,4.72,7.28,7.26,5.12,5.21,11.11,9.56,19.37,3.63,15.28,15.34,22.89,23.99,8.53,8.17,2
11.21,7.53,10.93,4.72,8.01,7.26,5.59,6.08,11.11,10.33,19.37,3.99,17.69,16.20,27.29,27.26,8.53,9.08,2
14.19,7.53,10.93,4.72,8.01,7.26,5.59,6.08,12.22,10.71,19.37,4.35,19.30,17.90,30.81,28.35,9.14,8.17,2
17.18,7.53,11.84,4.72,8.01,6.60,5.59,6.08,12.22,10.33,19.37,4.35,19.30,17.90,31.69,29.44,9.14,9.08,2
19.42,7.53,11.84,3.93,8.01,6.60,5.59,5.64,11.11,9.95,19.37,4.35,17.69,17.05,29.05,27.26,9.14,8.17,2
19.42,7.53,11.84,3.93,8.01,6.60,5.59,5.64,11.11,9.56,19.37,4.35,16.08,16.20,26.41,26.17,9.14,8.17,2
20.17,7.53,11.84,3.93,7.28,5.94,5.59,5.64,11.11,9.56,19.37,4.35,14.47,15.34,25.53,25.08,9.75,8.17,2
20.17,7.53,11.84,3.93,7.28,5.94,6.06,5.64,11.11,9.18,19.37,4.35,13.67,15.34,23.77,25.08,9.75,8.17,2
19.42,7.53,11.84,3.93,7.28,5.94,6.06,6.08,11.11,8.80,18.35,4.35,12.87,14.49,22.01,25.08,9.75,9.08,2
17.93,7.53,11.84,3.93,7.28,5.94,6.06,5.64,11.11,9.18,19.37,4.35,12.06,14.49,21.13,23.99,10.36,8.17,2
16.43,7.53,11.84,3.93,8.01,6.60,6.06,6.08,12.22,9.18,18.35,4.35,12.06,14.49,20.24,25.08,10.36,9.08,2
14.19,7.53,11.84,3.93,8.01,6.60,5.59,5.21,11.11,8.80,19.37,3.99,12.06,14.49,20.24,23.99,9.75,8.17,2
11.21,6.59,10.02,4.72,7.28,6.60,5.12,5.21,11.11,8.42,19.37,3.99,12.06,14.49,19.36,23.99,8.53,8.17,2
8.96,6.59,10.02,4.72,7.28,7.26,5.12,4.78,11.11,8.80,18.35,3.63,12.87,14.49,20.24,23.99,8.53,8.17,2
8.96,6.59,10.93,4.72,7.28,7.26,5.12,5.21,11.11,9.18,19.37,3.63,13.67,14.49,21.13,23.99,8.53,8.17,2
10.46,6.59,10.93,4.72,8.01,7.26,5.12,5.21,11.11,9.56,18.35,3.99,15.28,15.34,22.89,25.08,8.53,8.17,2
14.19,7.53,10.93,4.72,8.01,6.60,5.59,5.64,10.00,10.33,19.37,3.99,16.08,15.34,24.65,25.08,8.53,8.17,2
18.68,7.53,11.84,3.93,8.01,6.60,6.06,6.08,11.11,9.95,19.37,4.35,15.28,16.20,25.53,26.17,9.14,9.08,2
20.17,7.53,11.84,3.93,7.28,5.94,6.06,5.64,11.11,9.18,20.39,4.35,12.87,14.49,23.77,23.99,9.75,8.17,2
17.93,7.53,11.84,3.93,7.28,5.94,6.06,6.08,11.11,9.18,19.37,4.35,12.06,14.49,21.13,23.99,10.36,9.08,2
16.43,6.59,11.84,3.93,7.28,6.60,6.06,6.08,11.11,9.18,19.37,4.35,12.06,14.49,20.24,23.99,10.36,9.08,2
14.19,6.59,11.84,3.93,8.01,7.26,6.06,5.64,12.22,9.18,18.35,4.35,12.06,14.49,20.24,25.08,10.36,9.08,2
11.95,6.59,10.93,4.72,7.28,7.26,5.12,5.21,11.11,8.80,19.37,3.99,12.87,14.49,20.24,23.99,9.14,8.17,2
9.71,6.59,10.02,4.72,7.28,7.26,5.12,5.21,11.11,9.18,19.37,3.63,13.67,14.49,21.13,23.99,8.53,8.17,2
8.96,6.59,10.93,4.72,7.28,7.26,5.12,5.21,11.11,9.56,19.37,3.63,15.28,15.34,22.89,25.08,8.53,9.08,2
11.21,7.53,10.93,4.72,8.01,7.26,5.59,5.64,11.11,9.95,20.39,3.99,16.89,16.20,25.53,26.17,8.53,9.08,2
14.19,7.53,10.93,4.72,8.01,6.60,5.59,5.64,11.11,10.33,20.39,3.99,16.89,16.20,26.41,26.17,9.14,8.17,2
19.42,7.53,11.84,3.93,8.01,6.60,5.59,5.64,11.11,9.95,19.37,4.35,16.08,16.20,25.53,26.17,9.14,8.17,2
20.17,7.53,11.84,3.93,7.28,5.94,6.06,5.64,11.11,9.56,19.37,4.35,14.47,15.34,22.89,25.08,9.75,8.17,2
18.68,7.53,12.75,3.93,8.01,5.94,6.06,6.08,11.11,9.18,19.37,4.35,12.87,14.49,22.01,25.08,9.75,9.08,2
17.18,7.53,12.75,4.72,8.01,6.60,5.59,5.64,11.11,9.56,19.37,4.35,12.06,14.49,21.13,23.99,10.36,8.17,2
13.45,7.53,10.93,4.72,8.01,7.26,5.12,5.21,12.22,9.95,19.37,3.99,12.87,14.49,22.01,23.99,10.36,8.17,2
10.46,6.59,10.93,4.72,7.28,7.26,5.12,5.21,11.11,9.18,18.35,3.99,14.47,15.34,21.13,25.08,8.53,9.08,2
10.46,6.59,10.93,4.72,8.01,7.26,5.12,5.64,11.11,9.95,20.39,3.99,16.08,16.20,25.53,26.17,8.53,8.17,2
15.69,7.53,10.93,4.72,8.01,6.60,5.59,5.64,11.11,10.33,19.37,4.35,17.69,16.20,28.17,27.26,9.14,8.17,2
20.17,7.53,11.84,3.93,8.01,5.94,6.06,5.64,11.11,9.95,19.37,4.35,15.28,15.34,25.53,26.17,9.14,8.17,2
20.17,7.53,11.84,3.93,7.28,5.94,6.06,5.64,11.11,9.56,19.37,4.35,13.67,15.34,22.89,23.99,9.75,8.17,2
17.93,7.53,11.84,3.93,8.01,5.94,6.06,6.08,11.11,9.18,18.35,4.35,12.87,15.34,21.13,25.08,9.75,9.08,2
17.18,7.53,11.84,4.72,8.01,6.60,6.06,5.64,11.11,9.56,19.37,4.35,12.87,14.49,21.13,23.99,9.75,8.17,2
14.94,7.53,10.93,4.72,8.01,7.26,5.59,5.64,11.11,9.56,19.37,3.99,13.67,15.34,22.01,25.08,9.14,9.08,2
12.70,7.53,10.93,4.72,8.01,6.60,5.59,5.64,11.11,9.95,19.37,3.99,14.47,15.34,22.89,25.08,8.53,8.17,2
14.94,7.53,10.93,4.72,8.01,6.60,5.59,5.64,11.11,9.95,19.37,3.99,16.08,15.34,24.65,25.08,9.14,8.17,2
15.69,7.53,10.93,4.72,8.01,6.60,5.59,5.64,11.11,10.33,19.37,3.99,15.28,15.34,24.65,25.08,9.14,8.17,2
14.94,7.53,10.93,4.72,8.01,6.60,5.59,5.64,11.11,9.95,20.39,3.99,15.28,15.34,24.65,25.08,9.14,8.17,2
14.94,7.53,10.93,4.72,8.01,6.60,5.59,5.64,11.11,9.95,20.39,3.99,15.28,15.34,24.65,25.08,9.14,8.17,2
13.45,7.53,10.93,4.72,8.01,7.26,5.59,5.64,12.22,9.56,19.37,3.99,14.47,15.34,22.89,25.08,9.14,9.08,2
9.71,6.59,10.93,4.72,8.01,7.26,5.12,5.21,11.11,9.18,19.37,3.63,13.67,14.49,22.01,23.99,8.53,8.17,2
11.21,7.53,10.93,4.72,8.01,7.26,5.12,5.21,11.11,9.18,19.37,3.63,13.67,14.49,22.01,23.99,9.14,8.17,2
8.22,6.59,10.02,4.72,7.28,7.26,4.66,4.78,11.11,8.80,19.37,3.63,13.67,14.49,21.13,23.99,8.53,8.17,2
8.22,6.59,10.93,4.72,7.28,7.26,4.66,5.64,15.55,9.18,19.37,4.72,17.69,16.20,25.53,26.17,9.75,9.08,2
8.96,6.59,10.93,4.72,8.01,7.26,5.12,5.64,13.33,9.95,20.39,4.35,18.49,17.05,30.81,28.35,9.14,9.08,2
11.21,7.53,10.93,4.72,8.01,7.26,5.59,5.64,12.22,9.95,20.39,3.99,18.49,17.90,31.69,28.35,9.14,8.17,2
16.43,7.53,11.84,3.93,8.01,6.60,6.06,6.08,11.11,9.95,19.37,4.35,16.89,16.20,29.05,28.35,9.14,9.08,2
17.18,7.53,11.84,3.93,7.28,6.60,6.06,5.64,11.11,9.18,19.37,4.35,13.67,15.34,23.77,25.08,9.75,9.08,2
14.94,7.53,10.93,4.72,7.28,7.26,5.59,5.21,11.11,8.80,18.35,3.99,12.87,14.49,21.13,23.99,9.75,8.17,2
8.96,6.59,10.02,4.72,7.28,7.26,5.12,5.21,12.22,8.80,19.37,3.63,12.87,14.49,20.24,23.99,8.53,8.17,2
9.71,7.53,10.93,4.72,8.01,7.26,5.12,5.21,11.11,9.18,19.37,3.63,13.67,14.49,22.01,23.99,8.53,8.17,2
8.96,7.53,10.93,4.72,8.01,7.26,5.12,5.21,12.22,9.95,20.39,3.63,16.08,15.34,24.65,25.08,8.53,8.17,2
10.46,7.53,10.93,3.93,8.01,6.60,5.12,5.21,11.11,9.95,20.39,4.72,17.69,18.75,29.93,28.35,8.53,8.17,2
18.68,7.53,10.93,3.93,7.28,5.28,5.59,5.21,11.11,8.80,20.39,4.35,21.71,20.46,28.17,26.17,8.53,8.17,2
22.41,7.53,10.93,3.93,7.28,5.28,5.59,5.64,11.11,8.80,19.37,4.35,18.49,17.05,24.65,25.08,8.53,8.17,2
20.92,7.53,11.84,3.93,8.01,5.94,6.06,5.64,10.00,9.95,19.37,4.35,12.87,15.34,23.77,25.08,10.36,8.17,2
16.43,7.53,11.84,3.93,8.01,6.60,5.59,5.64,11.11,9.56,19.37,4.35,12.06,14.49,22.01,23.99,9.75,8.17,2
10.46,6.59,10.93,4.72,7.28,7.26,5.12,5.21,11.11,8.42,18.35,3.99,12.87,14.49,20.24,23.99,8.53,8.17,2
9.71,6.59,10.02,4.72,7.28,7.26,5.12,4.78,11.11,8.42,19.37,3.99,12.87,14.49,21.13,23.99,7.92,8.17,2
9.71,6.59,10.02,4.72,7.28,7.26,5.12,5.21,11.11,8.42,19.37,3.99,14.47,15.34,22.01,25.08,7.92,8.17,2
8.96,6.59,10.02,3.93,7.28,7.26,5.12,5.21,12.22,8.80,19.37,4.35,16.89,16.20,25.53,26.17,8.53,8.17,2
11.21,6.59,10.93,3.93,7.28,7.26,5.59,5.21,11.11,9.18,18.35,4.35,18.49,18.75,28.17,27.26,8.53,8.17,2
13.45,6.59,10.93,3.93,7.28,6.60,5.59,5.64,12.22,9.56,18.35,4.35,16.89,16.20,24.65,26.17,8.53,9.08,2
15.69,7.53,10.93,3.93,8.01,6.60,5.59,5.64,11.11,9.56,19.37,4.35,16.08,16.20,24.65,26.17,9.14,9.08,2
15.69,7.53,10.93,3.93,7.28,6.60,5.59,5.64,11.11,9.56,19.37,4.35,13.67,15.34,22.89,25.08,9.14,8.17,2
17.93,7.53,11.84,4.72,8.01,6.60,6.06,6.08,11.11,9.95,19.37,4.35,14.47,15.34,23.77,26.17,9.14,9.08,2
22.41,7.53,11.84,3.93,8.01,5.94,6.06,5.64,11.11,9.95,18.35,4.35,16.89,16.20,25.53,26.17,10.36,8.17,2
20.17,7.53,12.75,3.93,8.01,5.94,6.06,5.64,11.11,10.33,18.35,4.35,14.47,15.34,25.53,26.17,9.75,8.17,2
11.95,6.59,10.93,3.93,7.28,7.26,5.12,5.21,12.22,9.18,19.37,3.99,16.08,15.34,22.89,25.08,8.53,8.17,2
17.18,7.53,10.93,4.72,8.01,7.26,5.12,5.64,12.22,13.01,20.39,3.99,16.08,15.34,24.65,25.08,8.53,8.17,2
25.40,9.41,13.66,4.72,9.47,6.60,5.59,6.08,11.11,11.48,19.37,4.35,17.69,17.05,26.41,26.17,8.53,8.17,2
23.90,9.41,11.84,5.50,10.20,7.26,5.59,6.08,12.22,14.54,19.37,3.99,15.28,15.34,24.65,25.08,8.53,8.17,2
22.41,9.41,11.84,5.50,10.20,7.26,5.59,6.51,12.22,14.54,20.39,3.99,14.47,15.34,23.77,25.08,8.53,8.17,2
23.90,11.30,19.12,6.29,15.30,8.58,5.59,6.51,15.55,14.54,22.43,3.99,15.28,15.34,28.17,25.08,8.53,8.17,2
21.66,10.35,11.84,6.29,12.38,7.92,5.12,5.21,22.21,11.48,19.37,3.99,11.26,13.64,19.36,23.99,7.92,8.17,2
16.43,9.41,10.93,5.50,10.20,7.26,5.59,5.21,19.99,9.18,19.37,4.35,12.06,14.49,20.24,25.08,8.53,8.17,2
21.66,10.35,14.57,4.72,10.93,7.26,5.59,5.64,15.55,9.95,20.39,4.35,12.06,14.49,21.13,23.99,10.36,8.17,2
23.90,10.35,17.30,5.50,11.66,7.92,6.06,6.08,14.44,11.48,20.39,4.35,13.67,15.34,23.77,26.17,9.75,9.08,2
23.90,10.35,15.48,5.50,12.38,7.92,5.59,6.08,15.55,13.01,20.39,3.99,13.67,14.49,23.77,25.08,8.53,8.17,2
19.42,9.41,10.93,5.50,9.47,7.26,5.12,5.64,15.55,11.86,19.37,3.99,12.87,14.49,21.13,25.08,8.53,8.17,2
11.21,6.59,10.02,4.72,7.28,7.26,5.12,5.21,12.22,10.33,18.35,3.99,12.87,14.49,20.24,23.99,8.53,8.17,2
11.95,6.59,10.02,4.72,7.28,7.26,5.12,5.64,12.22,11.48,18.35,3.99,13.67,15.34,21.13,25.08,8.53,9.08,2
12.70,6.59,10.93,4.72,8.01,7.26,5.12,5.21,12.22,11.48,19.37,3.99,12.87,14.49,21.13,23.99,8.53,8.17,2
24.65,10.35,14.57,6.29,10.93,7.92,5.59,6.08,12.22,13.01,19.37,4.35,12.87,14.49,21.13,25.08,7.92,8.17,1
23.90,10.35,13.66,6.29,10.93,8.58,6.06,6.51,13.33,13.01,20.39,4.35,13.67,15.34,21.13,25.08,7.92,9.08,1
26.89,11.30,15.48,6.29,10.93,8.58,5.59,6.08,12.22,13.39,20.39,4.35,13.67,14.49,21.13,25.08,7.92,8.17,1
26.89,11.30,15.48,6.29,10.93,8.58,6.06,6.51,12.22,13.39,19.37,4.35,13.67,15.34,21.13,25.08,7.92,9.08,1
27.64,11.30,15.48,6.29,11.66,8.58,5.59,6.08,12.22,13.39,19.37,4.35,13.67,14.49,21.13,25.08,7.92,8.17,1
27.64,11.30,15.48,6.29,11.66,8.58,5.59,6.08,12.22,13.39,20.39,4.35,13.67,14.49,21.13,23.99,7.92,8.17,1
27.64,11.30,15.48,6.29,11.66,8.58,6.06,6.51,13.33,13.39,19.37,4.35,14.47,15.34,21.13,25.08,7.92,9.08,1
28.39,11.30,15.48,6.29,11.66,8.58,5.59,6.08,12.22,13.77,20.39,4.35,13.67,14.49,21.13,23.99,7.92,8.17,1
28.39,11.30,15.48,6.29,11.66,8.58,5.59,6.08,12.22,13.77,20.39,4.35,13.67,14.49,21.13,23.99,7.92,8.17,1
32.87,13.18,16.39,7.08,11.66,8.58,6.06,6.51,12.22,14.16,19.37,4.35,16.08,15.34,22.01,25.08,7.92,8.17,1
29.88,12.24,17.30,5.50,11.66,7.92,6.06,6.08,11.11,13.01,19.37,4.35,13.67,14.49,22.01,25.08,8.53,8.17,1
21.66,9.41,13.66,4.72,9.47,7.26,6.06,6.08,13.33,10.71,19.37,4.35,12.06,14.49,20.24,25.08,8.53,9.08,1
21.66,9.41,13.66,4.72,9.47,7.26,5.59,5.64,12.22,11.09,20.39,4.35,12.06,14.49,20.24,23.99,8.53,8.17,1
18.68,8.47,12.75,5.50,8.74,7.92,5.59,5.21,11.11,10.71,19.37,3.99,12.06,14.49,19.36,23.99,7.92,8.17,1
20.17,9.41,12.75,5.50,9.47,7.92,5.12,5.21,12.22,11.86,20.39,3.99,12.87,14.49,20.24,23.99,7.92,8.17,1
27.64,11.30,14.57,7.08,10.93,8.58,5.59,5.64,12.22,13.01,19.37,4.35,14.47,15.34,21.13,23.99,8.53,9.08,1
34.36,13.18,20.03,6.29,13.11,9.24,5.59,5.64,12.22,11.48,19.37,4.35,17.69,16.20,23.77,25.08,8.53,8.17,1
24.65,9.41,15.48,4.72,9.47,7.26,6.06,6.08,13.33,10.71,19.37,4.35,12.06,14.49,20.24,25.08,8.53,8.17,1
28.39,13.18,23.67,6.29,14.57,9.24,6.06,6.08,12.22,13.39,21.41,4.35,12.87,14.49,21.13,25.08,8.53,8.17,1
30.63,14.12,25.50,6.29,16.75,9.24,6.06,5.64,15.55,13.01,23.45,4.35,12.06,13.64,21.13,23.99,8.53,8.17,1
29.88,14.12,24.58,6.29,16.03,9.24,6.06,6.08,17.77,12.63,22.43,4.35,12.06,13.64,21.13,25.08,8.53,8.17,1
28.39,13.18,20.03,6.29,16.03,9.24,5.59,5.64,19.99,13.01,22.43,3.99,12.06,13.64,20.24,23.99,7.92,8.17,1
27.64,13.18,22.76,7.08,17.48,10.56,5.59,6.08,22.21,13.77,22.43,4.35,12.87,13.64,21.13,25.08,7.92,9.08,1
28.39,13.18,24.58,7.08,17.48,9.90,5.59,6.08,19.99,13.39,22.43,4.35,12.87,14.49,21.13,25.08,7.92,8.17,1
28.39,14.12,30.96,6.29,16.75,9.90,6.06,6.95,12.22,15.69,23.45,4.35,18.49,17.90,27.29,27.26,8.53,9.08,1
27.64,13.18,28.23,5.50,16.03,9.24,6.06,6.51,12.22,14.16,22.43,4.35,17.69,15.34,23.77,25.08,8.53,8.17,1
27.64,13.18,28.23,5.50,16.03,9.24,6.06,6.51,12.22,13.77,21.41,4.35,16.89,15.34,23.77,26.17,8.53,9.08,1
26.89,13.18,29.14,5.50,14.57,8.58,6.06,6.08,11.11,12.24,21.41,4.35,19.30,17.05,25.53,26.17,8.53,8.17,1
25.40,11.30,22.76,4.72,10.93,7.26,6.06,6.08,10.00,9.56,19.37,4.35,12.87,14.49,20.24,23.99,8.53,8.17,1
22.41,11.30,20.94,3.93,10.93,6.60,6.06,6.08,10.00,9.18,19.37,4.35,11.26,13.64,19.36,23.99,9.14,8.17,1
22.41,11.30,20.94,4.72,11.66,7.26,6.06,6.08,12.22,9.56,19.37,4.35,11.26,14.49,19.36,23.99,9.14,9.08,1
20.17,11.30,19.12,4.72,11.66,7.26,6.06,5.64,12.22,9.18,20.39,4.35,11.26,13.64,19.36,23.99,10.97,8.17,1
20.92,11.30,18.21,5.50,11.66,7.26,6.06,6.08,13.33,9.95,19.37,3.99,11.26,13.64,19.36,23.99,13.41,9.08,1
21.66,11.30,19.12,5.50,12.38,7.92,6.06,6.08,13.33,9.95,19.37,4.35,12.06,14.49,19.36,23.99,12.19,9.08,1
20.92,11.30,19.12,4.72,11.66,7.26,6.06,5.64,12.22,9.95,19.37,3.99,11.26,14.49,19.36,23.99,11.58,8.17,1
21.66,11.30,19.12,4.72,12.38,7.26,6.06,5.64,12.22,9.95,20.39,3.99,11.26,13.64,19.36,23.99,11.58,8.17,1
21.66,11.30,20.03,4.72,12.38,7.26,6.06,6.08,12.22,9.95,19.37,4.35,11.26,14.49,20.24,23.99,10.97,9.08,1
18.68,9.41,14.57,4.72,10.20,7.26,5.59,5.64,13.33,9.18,19.37,3.63,11.26,13.64,19.36,23.99,13.41,8.17,1
25.40,12.24,22.76,6.29,14.57,9.24,5.59,6.08,15.55,14.16,20.39,4.35,15.28,14.49,22.01,25.08,7.92,8.17,1
26.15,14.12,28.23,6.29,15.30,9.24,5.59,6.51,13.33,15.30,22.43,4.35,16.89,16.20,25.53,25.08,8.53,8.17,1
25.40,13.18,27.32,6.29,15.30,9.24,6.06,6.51,13.33,14.54,21.41,4.35,16.89,15.34,23.77,25.08,7.92,9.08,1
25.40,12.24,24.58,4.72,13.84,7.26,6.06,6.08,11.11,13.01,20.39,4.35,14.47,14.49,22.89,25.08,8.53,9.08,1
24.65,11.30,21.85,4.72,12.38,7.26,6.06,5.64,10.00,11.48,20.39,4.35,12.87,14.49,21.13,23.99,8.53,8.17,1
25.40,11.30,20.94,4.72,12.38,7.92,6.06,5.64,11.11,11.09,20.39,4.35,11.26,13.64,21.13,23.99,9.14,8.17,1
23.90,11.30,19.12,5.50,12.38,7.92,6.06,6.08,12.22,11.09,19.37,4.35,12.06,14.49,20.24,25.08,10.36,9.08,1
23.16,10.35,17.30,5.50,11.66,7.92,5.59,5.64,15.55,11.48,20.39,3.99,12.06,13.64,20.24,23.99,7.92,8.17,1
26.15,12.24,22.76,6.29,14.57,8.58,5.59,6.08,14.44,14.16,21.41,3.99,14.47,14.49,22.01,23.99,7.92,8.17,1
26.15,12.24,22.76,6.29,14.57,8.58,5.59,6.08,12.22,13.77,20.39,4.35,13.67,14.49,21.13,23.99,7.92,8.17,1
27.64,13.18,22.76,5.50,14.57,8.58,5.59,6.08,11.11,13.39,21.41,3.99,13.67,14.49,21.13,23.99,7.92,8.17,1
27.64,13.18,23.67,5.50,14.57,8.58,5.59,6.08,12.22,13.01,20.39,4.35,13.67,14.49,21.13,25.08,7.92,8.17,1
23.90,12.24,25.50,5.50,13.11,7.92,5.59,6.08,11.11,13.01,21.41,4.35,19.30,19.60,27.29,27.26,7.92,8.17,1
22.41,11.30,23.67,4.72,11.66,7.92,6.06,6.08,11.11,11.86,19.37,4.35,19.30,19.60,26.41,26.17,7.92,8.17,1
20.92,10.35,19.12,4.72,10.20,6.60,6.06,6.08,10.00,9.95,19.37,4.35,16.08,15.34,22.01,23.99,10.36,9.08,1
20.92,10.35,18.21,3.93,9.47,5.94,6.06,5.64,10.00,9.18,19.37,3.99,11.26,13.64,20.24,22.90,12.19,8.17,1
22.41,11.30,19.12,4.72,11.66,7.26,6.06,5.64,11.11,10.33,19.37,4.35,11.26,13.64,20.24,23.99,10.36,8.17,1
23.16,10.35,16.39,5.50,11.66,7.92,5.59,5.64,13.33,11.09,19.37,3.63,11.26,13.64,20.24,23.99,13.41,8.17,1
24.65,11.30,20.03,6.29,12.38,8.58,5.59,6.51,15.55,14.16,21.41,3.63,13.67,14.49,22.89,25.08,12.19,8.17,1
24.65,13.18,25.50,5.50,14.57,8.58,6.06,6.51,12.22,14.16,21.41,4.35,18.49,17.05,25.53,26.17,7.92,8.17,1
24.65,12.24,24.58,4.72,13.11,7.26,6.06,5.64,11.11,11.09,20.39,4.35,16.89,15.34,23.77,23.99,8.53,8.17,1
23.16,11.30,21.85,4.72,10.93,6.60,6.06,6.08,10.00,9.56,18.35,4.72,12.87,14.49,20.24,23.99,8.53,9.08,1
23.16,11.30,20.03,4.72,11.66,7.26,6.06,6.08,11.11,9.56,19.37,4.35,11.26,13.64,19.36,23.99,9.14,8.17,1
21.66,11.30,18.21,4.72,11.66,7.26,6.06,5.64,12.22,9.95,18.35,3.99,11.26,13.64,19.36,22.90,10.97,8.17,1
26.15,12.24,20.94,6.29,13.84,8.58,6.06,6.51,14.44,14.54,20.39,3.99,12.87,14.49,22.89,25.08,10.36,9.08,1
26.15,13.18,26.41,5.50,14.57,8.58,6.06,6.51,11.11,14.92,22.43,4.35,18.49,20.46,27.29,29.44,7.92,8.17,1
23.16,11.30,23.67,4.72,11.66,7.26,6.06,6.08,10.00,10.71,18.35,4.35,16.89,16.20,22.01,23.99,8.53,8.17,1
21.66,10.35,20.94,3.93,10.20,6.60,6.06,6.08,10.00,9.95,18.35,4.35,15.28,15.34,21.13,23.99,9.75,9.08,1
23.16,11.30,20.94,4.72,10.93,6.60,6.06,5.64,10.00,9.18,19.37,3.99,11.26,13.64,19.36,22.90,12.19,8.17,1
23.16,12.24,20.94,5.50,13.11,7.92,6.06,5.64,12.22,10.33,19.37,3.99,11.26,13.64,19.36,22.90,10.36,8.17,1
28.39,13.18,24.58,5.50,14.57,8.58,6.06,6.08,11.11,12.63,19.37,4.35,13.67,14.49,22.01,25.08,8.53,8.17,1
26.89,12.24,24.58,5.50,13.84,8.58,6.06,6.08,11.11,11.86,19.37,4.35,12.87,14.49,21.13,23.99,8.53,9.08,1
21.66,10.35,20.03,3.93,10.20,6.60,6.06,5.64,10.00,9.95,18.35,3.99,15.28,14.49,21.13,23.99,9.75,8.17,1
24.65,12.24,22.76,4.72,12.38,7.26,5.59,5.64,10.00,10.33,19.37,3.63,12.06,13.64,21.13,22.90,11.58,8.17,1
26.15,12.24,22.76,5.50,13.11,7.92,6.06,6.08,11.11,10.71,19.37,3.99,12.06,13.64,21.13,23.99,13.41,9.08,1
25.40,13.18,25.50,6.29,15.30,9.24,5.59,6.08,14.44,13.77,22.43,3.99,15.28,14.49,22.01,23.99,7.92,8.17,1
26.15,13.18,29.14,6.29,15.30,9.24,6.06,6.95,11.11,16.83,24.47,4.35,16.89,19.60,28.17,30.53,8.53,8.17,1
26.15,13.18,28.23,4.72,13.84,7.92,6.06,6.08,10.00,13.01,20.39,4.35,18.49,17.90,25.53,25.08,7.92,8.17,1
24.65,11.30,21.85,4.72,10.93,6.60,5.59,5.64,10.00,9.95,19.37,4.35,12.87,13.64,20.24,22.90,8.53,8.17,1
25.40,11.30,20.03,4.72,11.66,7.26,6.06,5.64,10.00,9.56,18.35,3.99,10.45,12.79,18.48,21.81,12.19,8.17,1
23.90,12.24,20.03,5.50,13.11,7.92,5.59,5.64,12.22,11.09,19.37,3.99,11.26,12.79,19.36,21.81,9.75,8.17,1
26.89,13.18,24.58,5.50,14.57,8.58,5.59,6.08,12.22,14.92,21.41,3.99,16.08,15.34,22.89,22.90,7.92,8.17,1
26.89,13.18,25.50,5.50,13.84,8.58,5.59,6.51,11.11,14.54,21.41,3.99,17.69,17.90,25.53,26.17,7.92,8.17,1
26.15,12.24,24.58,4.72,13.11,7.26,5.59,5.64,10.00,12.24,18.35,3.99,13.67,13.64,21.13,22.90,7.92,8.17,1
24.65,10.35,20.03,3.93,10.20,6.60,5.59,5.64,10.00,9.56,17.33,3.99,11.26,12.79,18.48,21.81,7.92,8.17,1
21.66,9.41,17.30,3.93,9.47,5.94,5.59,5.64,10.00,9.18,17.33,3.99,10.45,12.79,17.60,21.81,8.53,8.17,1
20.92,9.41,15.48,4.72,10.20,6.60,5.59,5.64,11.11,9.18,18.35,3.99,10.45,12.79,17.60,21.81,10.36,8.17,1
20.17,9.41,14.57,4.72,10.20,6.60,5.59,5.21,11.11,9.18,18.35,3.63,10.45,12.79,17.60,21.81,11.58,8.17,1
20.92,9.41,13.66,4.72,10.20,6.60,5.59,5.21,14.44,10.71,19.37,3.63,10.45,12.79,18.48,21.81,13.41,8.17,1
23.90,11.30,21.85,6.29,13.11,9.24,5.59,6.08,15.55,13.77,19.37,3.99,14.47,13.64,20.24,23.99,7.92,9.08,1
23.90,12.24,25.50,5.50,14.57,8.58,5.59,6.51,12.22,15.30,21.41,3.99,15.28,17.05,25.53,27.26,8.53,8.17,1
25.40,12.24,25.50,5.50,13.84,8.58,5.59,6.95,11.11,15.69,21.41,3.99,16.89,19.60,27.29,29.44,7.92,9.08,1
24.65,12.24,24.58,5.50,13.11,7.92,5.59,6.51,10.00,14.92,22.43,3.99,17.69,19.60,27.29,28.35,7.92,8.17,1
22.41,12.24,23.67,4.72,11.66,7.26,5.59,5.64,10.00,11.48,19.37,4.35,18.49,18.75,24.65,25.08,7.92,8.17,1
23.16,10.35,20.03,3.93,10.20,6.60,5.59,5.64,10.00,9.56,18.35,4.35,13.67,13.64,19.36,22.90,8.53,8.17,1
22.41,10.35,18.21,3.93,9.47,5.94,5.59,5.64,10.00,9.18,18.35,4.35,12.06,13.64,19.36,22.90,9.14,8.17,1
21.66,9.41,18.21,3.93,9.47,5.28,5.59,5.64,10.00,8.80,18.35,3.99,11.26,13.64,18.48,21.81,9.75,8.17,1
21.66,10.35,17.30,3.93,9.47,5.94,5.59,5.64,10.00,8.80,17.33,3.99,10.45,13.64,18.48,22.90,11.58,8.17,1
23.16,10.35,17.30,3.93,10.20,6.60,6.06,5.64,10.00,8.80,18.35,3.99,10.45,13.64,18.48,22.90,12.80,8.17,1
21.66,11.30,17.30,4.72,10.93,6.60,5.59,5.64,12.22,9.95,19.37,3.99,11.26,13.64,19.36,22.90,10.36,8.17,1
22.41,11.30,17.30,5.50,12.38,7.26,5.59,5.64,14.44,11.09,19.37,3.63,11.26,13.64,20.24,22.90,11.58,8.17,1
26.15,13.18,23.67,6.29,14.57,9.24,5.59,6.51,14.44,13.39,20.39,3.99,14.47,14.49,20.24,23.99,7.92,9.08,1
26.15,13.18,26.41,6.29,15.30,9.24,5.59,6.51,12.22,14.92,22.43,3.99,16.08,16.20,24.65,25.08,7.92,8.17,1
26.15,13.18,26.41,5.50,14.57,8.58,5.59,6.51,11.11,14.92,22.43,3.99,17.69,18.75,26.41,27.26,7.92,8.17,1
25.40,12.24,24.58,5.50,13.11,7.26,5.59,5.64,10.00,13.77,21.41,3.99,17.69,18.75,25.53,25.08,7.92,8.17,1
23.16,11.30,21.85,4.72,10.93,7.26,5.59,6.08,10.00,11.48,18.35,4.35,17.69,17.90,24.65,25.08,7.92,8.17,1
21.66,10.35,20.03,3.93,9.47,6.60,5.59,5.64,10.00,9.56,17.33,3.99,15.28,15.34,21.13,22.90,9.75,8.17,1
20.92,9.41,18.21,3.93,9.47,5.94,5.59,5.64,10.00,9.18,17.33,3.99,12.87,13.64,18.48,21.81,9.75,9.08,1
21.66,10.35,18.21,3.93,9.47,5.94,5.59,5.64,8.89,8.80,17.33,3.63,10.45,12.79,17.60,20.72,11.58,8.17,1
23.90,11.30,18.21,4.72,10.20,6.60,5.59,5.64,10.00,8.80,17.33,3.99,10.45,12.79,17.60,21.81,12.80,9.08,1
22.41,11.30,19.12,5.50,11.66,7.26,5.59,5.64,12.22,9.95,18.35,3.99,10.45,12.79,18.48,21.81,9.14,8.17,1
24.65,11.30,19.12,5.50,13.11,7.26,5.59,5.21,13.33,11.48,19.37,3.63,10.45,11.93,19.36,21.81,10.36,8.17,1
27.64,12.24,21.85,5.50,13.84,8.58,5.12,5.64,13.33,13.01,19.37,3.63,12.87,12.79,19.36,21.81,7.31,8.17,1
26.89,13.18,25.50,5.50,14.57,8.58,5.59,6.08,12.22,13.77,19.37,3.63,13.67,13.64,20.24,21.81,7.92,8.17,1
26.15,13.18,26.41,5.50,15.30,8.58,5.59,6.51,12.22,14.16,20.39,3.99,15.28,15.34,22.89,22.90,7.92,8.17,1
25.40,13.18,27.32,5.50,13.84,8.58,5.59,6.08,10.00,14.92,23.45,3.63,15.28,17.90,25.53,27.26,7.92,8.17,1
23.16,12.24,23.67,4.72,11.66,7.26,5.59,5.64,8.89,12.63,21.41,3.63,16.08,17.90,23.77,25.08,7.31,7.27,1
22.41,11.30,23.67,4.72,10.93,7.26,5.59,5.64,10.00,10.71,18.35,3.99,16.08,17.05,22.89,22.90,7.92,8.17,1
20.92,10.35,21.85,3.93,10.20,6.60,5.59,5.64,10.00,9.56,17.33,3.99,14.47,14.49,20.24,21.81,9.75,8.17,1
22.41,11.30,20.03,3.93,10.20,6.60,5.59,5.21,10.00,9.18,17.33,3.63,11.26,12.79,18.48,20.72,10.97,8.17,1
24.65,11.30,20.94,4.72,11.66,7.26,5.59,5.21,10.00,9.18,18.35,3.26,9.65,11.93,17.60,20.72,12.19,8.17,1
26.89,12.24,20.94,6.29,13.84,7.92,5.12,5.64,13.33,13.01,19.37,3.63,10.45,11.93,19.36,20.72,9.75,8.17,1
26.89,13.18,26.41,5.50,15.30,8.58,5.12,6.08,12.22,14.54,20.39,3.63,14.47,13.64,22.01,21.81,7.31,8.17,1
25.40,13.18,27.32,5.50,15.30,8.58,5.59,6.51,10.00,15.69,22.43,3.99,13.67,16.20,24.65,26.17,7.92,8.17,1
24.65,13.18,26.41,5.50,13.84,7.92,5.59,6.51,10.00,15.30,22.43,3.63,14.47,17.90,24.65,27.26,7.92,8.17,1
23.16,12.24,23.67,4.72,11.66,7.26,5.59,5.64,10.00,12.63,19.37,3.63,16.08,17.90,23.77,25.08,7.31,8.17,1
25.40,12.24,22.76,4.72,12.38,7.26,5.12,5.21,10.00,11.48,19.37,3.63,14.47,12.79,20.24,21.81,7.92,7.27,1
26.15,12.24,23.67,5.50,13.11,7.92,5.59,5.64,10.00,11.86,18.35,3.99,12.87,12.79,19.36,21.81,7.92,8.17,1
27.64,12.24,24.58,4.72,13.11,7.92,5.12,5.64,10.00,11.86,19.37,3.63,12.87,12.79,19.36,21.81,7.92,7.27,1
27.64,12.24,24.58,4.72,13.84,7.92,5.12,5.64,10.00,11.86,19.37,3.63,12.87,12.79,19.36,21.81,7.92,7.27,1
27.64,12.24,24.58,4.72,13.84,7.92,5.12,5.64,10.00,11.86,19.37,3.63,12.87,11.93,19.36,20.72,7.92,7.27,1
27.64,12.24,24.58,4.72,13.84,7.92,5.12,5.64,10.00,12.24,19.37,3.63,12.87,11.93,19.36,20.72,7.92,7.27,1
27.64,12.24,24.58,5.50,13.84,7.92,5.59,5.64,10.00,12.24,18.35,3.63,12.87,12.79,19.36,21.81,7.92,8.17,1
27.64,13.18,24.58,4.72,13.84,7.92,5.12,5.64,10.00,12.24,19.37,3.63,12.87,12.79,19.36,21.81,7.92,7.27,1
27.64,13.18,25.50,5.50,13.84,7.92,5.12,5.64,10.00,12.24,18.35,3.63,12.87,12.79,19.36,21.81,7.92,8.17,1
27.64,13.18,25.50,5.50,13.84,7.92,5.12,5.64,10.00,12.24,19.37,3.63,12.87,12.79,19.36,21.81,7.92,7.27,1
27.64,13.18,25.50,4.72,13.84,7.92,5.12,5.64,10.00,12.24,19.37,3.63,12.87,12.79,19.36,21.81,7.92,7.27,1
28.39,13.18,22.76,6.29,14.57,7.92,5.12,5.64,12.22,13.39,20.39,3.26,10.45,11.93,19.36,20.72,9.75,8.17,1
29.13,14.12,26.41,6.29,16.75,9.24,5.12,6.08,14.44,14.54,20.39,3.63,12.87,12.79,19.36,21.81,7.31,8.17,1
26.89,14.12,29.14,5.50,16.03,9.24,5.59,6.51,11.11,15.69,22.43,3.63,14.47,15.34,23.77,23.99,7.92,8.17,1
26.15,13.18,27.32,5.50,13.84,7.92,5.12,5.64,10.00,14.16,21.41,3.63,16.08,17.05,23.77,23.99,7.92,7.27,1
25.40,9.41,11.84,3.93,8.74,8.58,6.06,6.08,18.88,10.71,20.39,4.35,10.45,11.93,18.48,20.72,9.75,8.17,0
24.65,8.47,11.84,3.93,8.74,8.58,6.06,6.08,16.66,10.33,19.37,4.35,10.45,11.93,17.60,20.72,9.75,8.17,0
23.90,8.47,11.84,3.93,8.74,8.58,6.52,6.51,17.77,10.33,18.35,4.35,10.45,11.93,17.60,20.72,9.75,9.08,0
23.90,8.47,10.93,3.93,8.74,8.58,6.06,6.08,16.66,10.33,18.35,4.35,10.45,11.93,16.72,20.72,9.75,8.17,0
23.90,8.47,11.84,3.93,8.74,8.58,6.06,6.51,16.66,10.33,18.35,4.35,10.45,11.93,16.72,20.72,9.75,9.08,0
23.90,8.47,11.84,3.93,8.74,8.58,6.06,6.51,16.66,10.33,18.35,4.35,10.45,11.93,17.60,20.72,9.75,8.17,0
22.41,7.53,10.93,3.15,8.01,7.92,6.06,6.08,14.44,9.56,18.35,4.35,10.45,11.93,16.72,20.72,9.14,8.17,0
19.42,8.47,10.93,3.93,8.01,9.24,6.52,6.51,17.77,9.56,18.35,4.35,12.06,12.79,16.72,20.72,9.14,9.08,0
22.41,9.41,12.75,4.72,10.20,8.58,8.38,8.68,22.21,15.30,20.39,4.72,11.26,12.79,22.89,21.81,18.89,8.17,0
21.66,9.41,12.75,4.72,9.47,9.90,7.92,7.81,22.21,12.63,19.37,4.72,10.45,11.93,19.36,21.81,17.06,9.08,0
26.15,11.30,16.39,7.08,15.30,10.56,10.71,12.16,39.99,19.51,23.45,5.44,12.87,12.79,23.77,23.99,14.02,9.08,0
22.41,10.35,16.39,5.50,15.30,10.56,7.45,8.25,33.32,16.83,24.47,4.72,16.89,16.20,27.29,26.17,10.97,9.08,0
29.13,10.35,11.84,4.72,10.20,9.90,9.32,9.99,39.99,15.30,23.45,5.08,15.28,14.49,23.77,22.90,8.53,8.17,0
23.16,9.41,12.75,5.50,10.20,9.90,17.23,18.67,52.20,19.89,21.41,6.53,13.67,13.64,26.41,22.90,8.53,8.17,0
18.68,8.47,14.57,5.50,11.66,10.56,17.23,21.27,45.54,26.78,20.39,6.17,12.06,12.79,21.13,21.81,8.53,8.17,0
17.93,8.47,13.66,5.50,11.66,11.88,13.97,17.80,39.99,26.78,20.39,5.80,12.06,12.79,19.36,21.81,9.14,8.17,0
20.92,8.47,13.66,3.93,10.93,9.24,6.52,6.51,17.77,16.07,20.39,4.35,11.26,12.79,20.24,21.81,9.14,8.17,0
23.16,9.41,12.75,4.72,9.47,8.58,6.06,6.51,25.55,12.24,21.41,4.35,16.89,17.05,22.01,23.99,8.53,8.17,0
18.68,8.47,11.84,5.50,9.47,8.58,11.18,12.59,31.10,19.89,20.39,5.80,12.06,13.64,22.01,21.81,11.58,8.17,0
20.17,8.47,11.84,5.50,9.47,8.58,10.71,11.72,29.99,19.13,19.37,5.80,12.06,13.64,21.13,21.81,11.58,9.08,0
20.92,8.47,11.84,4.72,9.47,9.24,9.32,10.85,21.10,18.75,19.37,5.44,10.45,12.79,18.48,20.72,12.80,8.17,0
17.93,8.47,13.66,4.72,10.20,10.56,6.99,8.25,19.99,13.77,19.37,4.72,11.26,12.79,17.60,21.81,9.75,9.08,0
20.17,8.47,12.75,4.72,9.47,9.90,6.52,7.38,22.21,11.48,19.37,4.35,11.26,12.79,18.48,20.72,9.75,8.17,0
22.41,8.47,11.84,3.93,8.74,9.24,6.06,6.51,18.88,10.71,19.37,4.35,12.06,12.79,19.36,21.81,9.14,8.17,0
21.66,9.41,12.75,5.50,10.20,9.24,8.85,9.99,29.99,14.92,21.41,5.44,12.87,13.64,22.89,22.90,10.36,9.08,0
20.17,8.47,11.84,5.50,9.47,8.58,13.97,16.50,29.99,22.19,18.35,6.53,11.26,12.79,21.13,21.81,12.80,9.08,0
16.43,8.47,12.75,5.50,10.93,10.56,15.37,22.14,38.88,29.08,19.37,5.80,12.06,12.79,18.48,21.81,9.14,9.08,0
15.69,7.53,11.84,4.72,10.20,10.56,11.64,17.37,33.32,28.31,21.41,5.08,11.26,12.79,18.48,20.72,9.14,8.17,0
15.69,7.53,11.84,3.93,9.47,9.90,7.45,9.99,23.33,17.60,20.39,4.72,11.26,12.79,17.60,21.81,9.14,8.17,0
18.68,7.53,11.84,3.93,8.74,8.58,6.06,6.51,14.44,9.95,18.35,4.35,10.45,12.79,17.60,21.81,9.14,9.08,0
20.17,7.53,10.02,3.93,7.28,8.58,6.06,6.08,14.44,9.56,19.37,4.35,11.26,12.79,17.60,20.72,9.14,8.17,0
19.42,9.41,12.75,4.72,10.20,8.58,8.38,8.68,25.55,14.54,21.41,4.72,13.67,13.64,25.53,23.99,16.45,8.17,0
15.69,8.47,11.84,4.72,10.20,9.24,11.18,13.02,39.99,19.13,19.37,5.44,12.06,12.79,21.13,21.81,11.58,8.17,0
15.69,8.47,11.84,4.72,10.20,9.90,9.78,11.72,34.43,17.98,19.37,5.08,12.06,13.64,20.24,22.90,11.58,9.08,0
16.43,8.47,12.75,4.72,10.20,9.90,9.32,10.85,31.10,17.22,20.39,5.08,11.26,12.79,20.24,21.81,11.58,8.17,0
17.18,8.47,12.75,4.72,10.20,9.90,8.85,10.42,29.99,16.83,20.39,5.08,11.26,12.79,20.24,21.81,11.58,8.17,0
17.93,8.47,12.75,4.72,10.93,11.22,8.85,12.16,27.77,19.51,20.39,5.08,11.26,12.79,18.48,21.81,9.75,8.17,0
17.18,8.47,12.75,4.72,10.20,11.22,6.99,9.55,23.33,16.07,21.41,4.72,11.26,12.79,18.48,22.90,9.75,9.08,0
17.18,7.53,11.84,3.93,8.74,8.58,6.06,6.51,14.44,10.71,20.39,4.35,10.45,12.79,17.60,21.81,9.75,8.17,0
18.68,7.53,11.84,3.93,8.74,8.58,6.52,6.51,15.55,9.56,18.35,4.72,11.26,13.64,17.60,22.90,9.14,9.08,0
21.66,8.47,11.84,3.93,8.01,9.24,6.52,6.51,17.77,9.95,19.37,4.72,12.06,13.64,19.36,22.90,9.14,9.08,0
20.92,8.47,12.75,4.72,9.47,9.24,6.52,6.95,22.21,12.24,19.37,4.72,12.87,13.64,22.01,22.90,10.36,9.08,0
19.42,8.47,11.84,4.72,9.47,9.24,7.45,8.25,26.66,13.77,19.37,5.08,12.87,13.64,22.89,23.99,11.58,9.08,0
17.93,8.47,11.84,5.50,10.20,9.90,8.85,9.99,31.10,15.69,20.39,5.08,12.06,13.64,22.01,22.90,11.58,9.08,0
16.43,8.47,12.75,4.72,10.20,9.90,9.32,10.85,31.10,17.22,20.39,5.08,12.06,13.64,20.24,21.81,11.58,8.17,0
17.18,8.47,12.75,4.72,10.93,11.22,7.92,10.42,26.66,17.22,20.39,5.08,11.26,12.79,18.48,21.81,9.75,8.17,0
18.68,7.53,12.75,3.93,9.47,9.90,6.52,7.38,17.77,11.86,20.39,4.72,11.26,12.79,18.48,21.81,9.75,8.17,0
18.68,7.53,10.93,3.93,8.01,8.58,6.06,6.08,14.44,9.56,19.37,4.35,10.45,12.79,17.60,21.81,9.14,8.17,0
19.42,7.53,9.11,3.93,7.28,7.92,6.06,6.51,13.33,9.56,19.37,4.35,11.26,12.79,17.60,21.81,9.14,8.17,0
20.17,7.53,10.93,3.93,8.01,8.58,6.06,6.51,15.55,9.95,20.39,4.35,12.06,13.64,19.36,21.81,10.36,8.17,0
19.42,8.47,11.84,4.72,9.47,8.58,7.92,8.25,22.21,13.39,19.37,4.72,12.06,13.64,22.89,22.90,17.06,9.08,0
18.68,8.47,11.84,4.72,10.20,9.24,9.32,9.99,31.10,14.92,19.37,5.08,12.06,13.64,22.01,22.90,11.58,9.08,0
15.69,8.47,11.84,4.72,10.20,9.90,10.25,11.72,34.43,18.75,20.39,5.08,12.06,12.79,21.13,21.81,11.58,8.17,0
17.18,8.47,12.75,4.72,10.93,11.22,10.71,14.76,32.21,22.19,20.39,5.08,11.26,12.79,19.36,21.81,9.75,8.17,0
16.43,7.53,11.84,3.93,9.47,9.90,6.99,8.68,19.99,17.22,20.39,4.72,11.26,12.79,18.48,22.90,9.75,9.08,0
17.93,6.59,10.02,3.93,7.28,7.92,6.52,6.51,13.33,9.18,18.35,4.35,10.45,12.79,17.60,21.81,9.14,8.17,0
19.42,7.53,9.11,3.93,7.28,8.58,6.52,6.51,14.44,9.56,18.35,4.35,11.26,13.64,17.60,21.81,9.14,9.08,0
20.17,8.47,12.75,4.72,9.47,8.58,6.99,6.95,24.44,12.24,21.41,4.72,14.47,14.49,23.77,23.99,14.02,8.17,0
15.69,8.47,11.84,5.50,9.47,8.58,13.04,14.33,49.98,18.75,20.39,5.80,13.67,13.64,24.65,23.99,12.80,9.08,0
13.45,7.53,10.93,4.72,9.47,8.58,13.51,15.63,55.54,22.57,22.43,5.80,13.67,13.64,23.77,22.90,12.80,8.17,0
13.45,7.53,11.84,3.93,9.47,9.24,6.99,8.25,35.54,17.98,22.43,4.72,12.87,13.64,21.13,22.90,11.58,8.17,0
17.93,7.53,11.84,3.93,8.74,8.58,6.06,6.08,14.44,9.56,19.37,4.35,11.26,12.79,18.48,21.81,9.75,8.17,0
21.66,7.53,10.93,3.93,8.01,8.58,6.52,6.51,15.55,9.95,20.39,4.72,12.06,13.64,19.36,22.90,9.14,8.17,0
22.41,9.41,12.75,5.50,9.47,9.24,8.38,9.12,27.77,13.77,20.39,5.08,12.87,14.49,22.89,23.99,10.36,8.17,0
17.18,8.47,12.75,5.50,10.93,10.56,13.97,19.54,35.54,29.84,20.39,5.80,12.06,13.64,20.24,22.90,9.14,8.17,0
17.18,8.47,12.75,4.72,10.20,11.22,8.85,13.02,27.77,22.19,21.41,5.08,12.06,13.64,19.36,22.90,9.75,8.17,0
17.93,8.47,12.75,4.72,10.20,9.90,6.52,7.81,19.99,13.01,20.39,4.72,11.26,13.64,19.36,22.90,10.36,8.17,0
17.93,7.53,11.84,3.93,8.74,8.58,6.52,6.51,14.44,9.95,20.39,4.72,11.26,13.64,18.48,22.90,9.75,8.17,0
19.42,8.47,12.75,4.72,9.47,9.90,6.52,6.95,21.10,11.48,20.39,4.72,12.06,13.64,21.13,22.90,10.36,8.17,0
21.66,8.47,13.66,4.72,10.20,10.56,6.99,7.81,24.44,12.63,20.39,5.08,12.06,14.49,21.13,23.99,9.75,8.17,0
21.66,9.41,13.66,4.72,10.20,10.56,7.45,7.81,25.55,13.39,21.41,5.08,12.87,14.49,22.01,23.99,9.75,8.17,0
22.41,9.41,13.66,4.72,10.20,10.56,7.45,7.81,24.44,13.39,21.41,5.08,12.87,14.49,22.01,23.99,9.75,8.17,0
22.41,9.41,14.57,4.72,10.93,11.22,7.45,8.25,25.55,13.39,20.39,5.08,12.87,14.49,21.13,23.99,9.75,8.17,0
22.41,9.41,14.57,4.72,10.93,11.22,7.45,8.68,26.66,13.39,21.41,5.08,12.87,14.49,21.13,23.99,9.75,9.08,0
22.41,9.41,14.57,4.72,10.93,11.22,7.92,8.68,27.77,14.16,21.41,5.08,12.87,14.49,22.01,23.99,9.75,8.17,0
22.41,9.41,14.57,4.72,10.93,11.22,7.92,8.68,27.77,14.16,21.41,5.08,12.87,14.49,22.01,23.99,9.75,8.17,0
22.41,9.41,14.57,4.72,10.93,11.22,7.92,8.68,26.66,14.16,20.39,5.08,12.87,14.49,22.01,23.99,9.75,8.17,0
22.41,9.41,14.57,4.72,10.93,11.22,7.45,8.68,25.55,13.77,21.41,5.08,12.87,14.49,22.01,23.99,9.75,8.17,0
22.41,9.41,14.57,4.72,10.93,11.22,7.45,8.25,25.55,13.77,21.41,5.08,12.87,14.49,22.01,23.99,9.75,8.17,0
22.41,9.41,14.57,4.72,10.93,11.22,7.45,8.25,26.66,13.77,20.39,5.08,12.87,14.49,22.01,23.99,9.75,8.17,0
22.41,9.41,14.57,5.50,10.93,11.88,7.92,8.68,26.66,13.39,20.39,5.44,12.87,15.34,22.01,25.08,9.75,9.08,0
22.41,9.41,14.57,4.72,10.93,11.22,7.45,8.25,24.44,13.39,21.41,5.08,12.87,14.49,22.01,23.99,9.75,8.17,0
22.41,9.41,14.57,4.72,10.93,11.22,7.45,8.25,24.44,13.39,21.41,5.08,12.87,14.49,22.01,23.99,9.75,8.17,0
22.41,9.41,14.57,4.72,10.93,11.22,7.92,8.68,27.77,13.77,21.41,5.08,12.87,14.49,22.01,23.99,9.75,8.17,0
20.92,8.47,11.84,3.93,8.74,9.24,6.52,6.51,15.55,10.33,20.39,4.72,12.06,14.49,20.24,23.99,9.75,8.17,0
21.66,8.47,11.84,3.93,8.74,9.24,6.52,6.51,18.88,11.09,20.39,5.08,12.87,14.49,22.01,23.99,10.36,8.17,0
20.92,8.47,12.75,4.72,8.74,9.24,6.52,6.95,21.10,11.86,20.39,5.08,12.87,14.49,22.89,25.08,10.36,8.17,0
19.42,8.47,12.75,4.72,9.47,9.90,7.45,7.81,25.55,13.01,20.39,5.08,13.67,15.34,23.77,26.17,10.97,9.08,0
17.93,8.47,11.84,5.50,10.20,9.90,10.25,10.85,35.54,16.83,21.41,5.80,14.47,15.34,25.53,26.17,12.80,9.08,0
14.94,8.47,11.84,5.50,10.20,9.90,11.18,13.02,38.88,20.28,21.41,5.80,13.67,14.49,22.89,25.08,12.19,9.08,0
18.68,8.47,13.66,4.72,10.93,11.22,7.92,9.55,24.44,15.69,20.39,5.44,12.06,14.49,20.24,25.08,9.75,9.08,0
19.42,7.53,11.84,3.93,8.74,9.24,6.52,6.95,15.55,9.95,19.37,5.08,12.06,14.49,19.36,25.08,9.75,9.08,0
22.41,8.47,12.75,4.72,8.74,9.90,6.99,6.95,19.99,10.71,20.39,5.08,14.47,15.34,21.13,25.08,9.75,9.08,0
18.68,8.47,11.84,5.50,9.47,9.90,12.58,13.89,29.99,17.22,20.39,6.53,12.87,15.34,23.77,25.08,14.02,9.99,0
18.68,9.41,14.57,4.72,11.66,11.88,9.78,13.02,29.99,21.42,21.41,5.44,12.87,14.49,21.13,23.99,9.75,8.17,0
17.93,8.47,13.66,4.72,10.93,10.56,7.45,8.68,22.21,14.54,20.39,5.08,12.06,14.49,20.24,23.99,10.36,8.17,0
19.42,8.47,12.75,3.93,9.47,9.24,6.52,6.95,16.66,11.09,19.37,5.08,12.06,14.49,19.36,25.08,10.36,9.08,0
20.17,7.53,10.02,3.93,8.01,9.24,6.52,6.95,15.55,9.95,19.37,4.72,12.87,15.34,20.24,23.99,9.75,8.17,0
19.42,8.47,12.75,5.50,9.47,9.24,8.85,9.12,25.55,14.16,20.39,5.44,13.67,15.34,25.53,27.26,16.45,9.08,0
14.19,7.53,11.84,5.50,10.20,9.24,14.90,17.80,57.76,22.19,21.41,6.17,15.28,15.34,24.65,26.17,12.80,9.08,0
13.45,8.47,11.84,4.72,10.20,9.90,10.71,13.46,54.43,20.28,23.45,5.44,14.47,14.49,23.77,25.08,11.58,8.17,0
14.94,8.47,12.75,4.72,9.47,9.90,7.92,9.99,36.65,16.07,22.43,5.08,13.67,14.49,22.01,25.08,10.97,8.17,0
16.43,7.53,12.75,3.93,9.47,9.90,6.52,6.95,26.66,11.09,21.41,4.72,12.87,14.49,21.13,25.08,10.36,8.17,0
17.93,7.53,10.93,3.93,8.01,9.24,6.99,6.95,22.21,10.71,20.39,5.08,13.67,15.34,22.01,25.08,14.62,9.08,0
17.93,8.47,11.84,5.50,10.20,9.24,8.85,9.12,31.10,14.92,21.41,5.08,14.47,16.20,29.93,28.35,16.45,9.08,0
12.70,7.53,10.93,4.72,9.47,8.58,10.25,11.29,43.32,17.60,22.43,5.08,13.67,14.49,26.41,26.17,14.02,8.17,0
13.45,7.53,11.84,4.72,8.74,9.24,7.92,8.68,33.32,14.16,22.43,5.08,13.67,14.49,23.77,26.17,12.80,8.17,0
18.68,7.53,12.75,3.93,8.74,9.24,6.52,6.51,15.55,9.95,20.39,5.08,12.06,14.49,20.24,23.99,9.75,8.17,0
22.41,8.47,11.84,3.93,8.74,9.24,6.52,6.51,17.77,11.09,21.41,5.08,13.67,15.34,22.01,23.99,9.75,8.17,0
20.17,8.47,12.75,5.50,9.47,9.24,7.92,8.68,26.66,14.54,20.39,5.44,14.47,15.34,24.65,26.17,12.19,9.08,0
19.42,9.41,14.57,5.50,12.38,11.88,13.04,17.37,37.76,22.19,20.39,6.17,12.87,14.49,22.01,23.99,9.75,9.08,0
17.93,8.47,12.75,4.72,10.93,11.22,9.32,12.16,28.88,21.04,21.41,5.44,12.87,14.49,21.13,23.99,10.36,8.17,0
17.93,8.47,13.66,4.72,10.20,10.56,6.99,8.25,19.99,13.01,21.41,5.08,12.06,14.49,20.24,25.08,10.97,8.17,0
20.17,8.47,14.57,4.72,10.20,10.56,6.99,8.25,21.10,13.01,21.41,5.08,12.06,14.49,20.24,23.99,10.36,8.17,0
20.17,8.47,14.57,4.72,10.20,11.22,6.99,8.25,21.10,13.01,20.39,5.08,12.87,14.49,20.24,25.08,10.36,9.08,0
20.17,8.47,13.66,4.72,10.20,11.22,7.45,8.25,22.21,12.63,20.39,5.08,12.87,15.34,21.13,25.08,10.36,9.08,0
21.66,8.47,14.57,4.72,10.20,10.56,6.99,7.81,21.10,13.39,21.41,5.08,12.87,14.49,22.01,23.99,10.36,8.17,0
21.66,7.53,10.93,3.93,8.01,9.24,6.52,6.95,15.55,9.95,19.37,5.08,13.67,15.34,20.24,25.08,9.75,9.08,0
21.66,8.47,10.93,3.93,8.74,9.24,6.52,6.95,18.88,11.09,21.41,5.08,16.89,16.20,22.89,25.08,10.36,8.17,0
19.42,8.47,12.75,5.50,10.20,9.24,7.92,8.68,33.32,14.92,22.43,5.44,16.08,16.20,27.29,27.26,11.58,8.17,0
20.92,9.41,15.48,6.29,12.38,11.88,13.97,16.06,44.43,21.42,21.41,6.17,14.47,15.34,23.77,25.08,9.14,9.08,0
19.42,9.41,14.57,5.50,11.66,11.88,9.32,11.72,31.10,17.98,20.39,5.44,12.87,15.34,22.01,25.08,9.75,9.08,0
18.68,8.47,13.66,4.72,10.93,10.56,7.45,8.68,22.21,15.69,20.39,5.08,12.87,14.49,21.13,25.08,10.36,9.08,0
19.42,7.53,10.93,3.93,8.01,8.58,6.52,6.51,13.33,9.56,19.37,5.08,12.06,14.49,20.24,23.99,9.75,8.17,0
20.17,7.53,10.02,3.93,8.01,9.24,6.52,6.95,15.55,9.95,20.39,5.08,13.67,15.34,20.24,23.99,10.36,8.17,0
17.93,9.41,12.75,5.50,10.20,9.24,8.38,9.12,29.99,15.30,22.43,5.08,15.28,16.20,30.81,28.35,16.45,9.08,0
15.69,8.47,11.84,5.50,10.20,9.90,10.25,11.29,36.65,17.60,22.43,5.80,13.67,15.34,25.53,26.17,13.41,9.08,0
14.94,8.47,12.75,4.72,10.20,9.90,9.78,11.72,32.21,17.98,22.43,5.44,13.67,15.34,22.89,25.08,12.19,9.08,0
18.68,8.47,13.66,4.72,10.93,11.22,7.45,9.12,22.21,15.30,20.39,5.44,12.87,15.34,21.13,25.08,10.36,9.08,0
19.42,7.53,11.84,3.93,8.74,9.24,6.52,6.95,15.55,9.95,19.37,5.08,12.87,15.34,20.24,25.08,9.75,8.17,0
18.68,8.47,12.75,4.72,10.20,9.24,7.45,7.81,25.55,13.77,22.43,5.08,14.47,15.34,25.53,26.17,12.19,8.17,0
11.21,7.53,10.93,5.50,8.74,7.92,19.56,23.44,79.97,27.16,23.45,6.53,16.08,15.34,26.41,26.17,12.80,9.08,0
10.46,7.53,10.93,5.50,8.74,8.58,20.49,25.62,85.53,31.75,24.47,6.17,16.89,15.34,24.65,26.17,10.97,9.08,0
13.45,8.47,11.84,5.50,10.20,9.90,15.84,19.54,82.19,26.02,24.47,5.80,16.89,15.34,26.41,26.17,10.97,9.08,0
14.94,8.47,12.75,4.72,10.20,11.88,9.78,14.33,73.31,21.81,24.47,5.80,16.89,15.34,24.65,26.17,10.36,9.08,0
18.68,8.47,12.75,4.72,10.93,12.55,6.52,6.95,51.09,11.86,24.47,5.08,16.08,15.34,23.77,26.17,9.14,8.17,0
20.92,8.47,12.75,4.72,10.20,13.87,6.52,6.51,49.98,9.56,22.43,5.08,16.08,15.34,24.65,26.17,8.53,8.17,0
20.17,8.47,12.75,4.72,9.47,9.24,6.99,6.95,23.33,11.48,21.41,5.08,14.47,15.34,22.89,26.17,10.36,8.17,0
14.94,8.47,11.84,5.50,9.47,8.58,14.90,16.06,58.87,19.13,22.43,6.17,15.28,15.34,26.41,26.17,13.41,9.08,0
11.21,7.53,10.93,5.50,8.74,8.58,18.63,23.01,77.75,29.08,24.47,6.17,16.08,15.34,25.53,26.17,12.19,9.08,0
12.70,7.53,11.84,4.72,9.47,9.90,12.58,17.80,71.09,26.02,24.47,5.80,16.08,15.34,23.77,26.17,10.97,9.08,0
16.43,8.47,12.75,4.72,10.93,12.55,7.45,10.85,64.42,18.36,25.49,5.44,16.08,15.34,23.77,26.17,9.75,8.17,0
18.68,8.47,12.75,4.72,10.93,13.21,6.52,6.95,55.54,11.09,24.47,5.08,16.08,15.34,23.77,26.17,9.14,8.17,0
20.17,7.53,10.93,3.93,8.01,9.24,6.99,6.95,15.55,9.95,20.39,5.08,12.87,15.34,20.24,25.08,9.75,9.08,0
22.41,9.41,13.66,5.50,10.20,9.90,7.45,7.81,25.55,13.01,22.43,5.08,15.28,15.34,24.65,26.17,10.36,8.17,0
20.17,8.47,12.75,5.50,10.20,9.24,10.71,12.16,27.77,17.98,21.41,6.17,13.67,15.34,24.65,25.08,12.80,9.08,0
19.42,8.47,12.75,5.50,10.20,9.24,13.04,15.20,26.66,21.42,20.39,6.53,12.87,15.34,22.89,25.08,14.62,9.08,0
18.68,8.47,12.75,5.50,10.93,11.22,13.51,17.80,37.76,26.02,20.39,6.17,13.67,15.34,22.01,25.08,9.75,9.08,0
17.93,8.47,12.75,3.93,10.20,9.24,6.52,6.95,15.55,12.63,21.41,5.08,12.06,14.49,20.24,25.08,10.36,8.17,0
27.64,10.35,19.12,4.72,13.11,11.22,7.45,8.25,29.99,14.16,22.43,5.08,14.47,15.34,22.89,26.17,9.75,8.17,0
25.40,10.35,17.30,4.72,13.11,10.56,6.52,6.95,21.10,13.39,22.43,5.08,12.06,14.49,22.01,25.08,9.75,8.17,0
21.66,8.47,14.57,3.93,9.47,9.90,6.52,6.51,16.66,10.33,22.43,4.72,12.06,14.49,22.89,25.08,9.75,8.17,0
14.94,7.53,12.75,3.93,8.74,9.24,6.52,6.51,15.55,9.56,19.37,4.72,12.06,14.49,20.24,25.08,9.75,8.17,0
21.66,10.35,17.30,5.50,13.84,11.22,8.38,9.55,32.21,15.69,21.41,5.44,12.87,14.49,22.89,25.08,9.75,8.17,0
22.41,11.30,19.12,5.50,14.57,10.56,7.92,8.68,34.43,14.54,24.47,5.08,15.28,15.34,28.17,28.35,10.97,9.08,0
20.92,10.35,18.21,4.72,11.66,11.22,6.52,6.51,21.10,10.33,23.45,4.72,13.67,15.34,23.77,25.08,9.14,8.17,0
19.42,9.41,17.30,3.93,10.20,10.56,6.52,6.51,17.77,9.95,21.41,5.08,12.87,14.49,21.13,23.99,9.14,8.17,0
25.40,11.30,20.94,4.72,13.11,11.22,6.52,6.51,24.44,11.09,24.47,4.72,16.08,15.34,23.77,26.17,9.14,8.17,0
28.39,12.24,21.85,5.50,14.57,11.22,6.52,6.51,23.33,11.86,25.49,5.08,15.28,15.34,23.77,25.08,9.14,8.17,0
27.64,11.30,20.94,5.50,13.84,11.22,6.52,6.95,24.44,11.48,23.45,5.08,14.47,14.49,22.89,25.08,9.14,8.17,0
31.37,12.24,20.94,6.29,16.03,12.55,8.85,9.99,35.54,15.69,24.47,5.44,13.67,14.49,23.77,25.08,9.14,8.17,0
31.37,12.24,18.21,6.29,16.03,12.55,13.51,16.06,49.98,22.95,25.49,6.17,13.67,14.49,23.77,25.08,9.14,8.17,0
24.65,10.35,16.39,5.50,14.57,11.88,12.58,17.37,42.21,24.87,22.43,5.80,12.87,14.49,22.01,25.08,9.75,8.17,0
24.65,10.35,13.66,6.29,14.57,11.22,20.03,25.18,57.76,34.43,22.43,6.89,12.87,14.49,22.89,23.99,9.14,8.17,0
39.59,14.12,20.94,7.08,18.21,12.55,12.11,13.46,53.31,21.81,28.54,6.17,16.89,15.34,25.53,25.08,8.53,8.17,0
34.36,13.18,24.58,6.29,18.21,13.21,7.92,8.68,39.99,14.54,28.54,5.44,19.30,17.05,26.41,26.17,8.53,8.17,0
27.64,12.24,21.85,5.50,13.84,11.22,6.52,6.95,23.33,11.86,23.45,5.08,14.47,15.34,23.77,25.08,9.14,8.17,0
26.89,11.30,18.21,5.50,13.84,11.88,7.92,9.12,28.88,14.54,21.41,5.08,12.87,14.49,22.01,25.08,9.75,8.17,0
30.63,11.30,16.39,6.29,16.03,11.88,14.90,17.80,53.31,25.25,24.47,6.17,13.67,14.49,23.77,25.08,8.53,8.17,0
38.10,14.12,22.76,6.29,18.94,12.55,8.85,9.55,44.43,17.22,32.62,5.44,20.10,18.75,30.81,27.26,8.53,8.17,0
30.63,12.24,23.67,5.50,15.30,11.88,6.99,6.95,28.88,13.01,26.51,5.08,19.30,17.05,25.53,27.26,8.53,9.08,0
32.87,12.24,21.85,6.29,16.75,13.21,9.78,11.29,42.21,17.22,26.51,5.80,13.67,14.49,23.77,26.17,9.14,9.08,0
23.16,8.47,12.75,3.93,8.01,5.94,5.12,5.21,11.11,9.18,18.35,3.26,8.85,11.08,16.72,17.45,9.14,7.27,2
23.16,8.47,12.75,3.93,8.01,5.94,5.12,5.21,10.00,9.56,18.35,3.26,9.65,11.08,16.72,17.45,9.14,7.27,2
24.65,8.47,12.75,3.93,8.01,5.94,5.12,5.21,11.11,9.56,17.33,3.63,9.65,11.93,16.72,18.54,9.14,8.17,2
24.65,8.47,12.75,3.93,8.01,6.60,5.12,5.21,11.11,9.56,17.33,3.63,9.65,11.93,16.72,18.54,9.14,8.17,2
23.90,8.47,12.75,3.93,8.01,5.94,5.12,5.21,10.00,9.56,17.33,3.26,9.65,11.08,16.72,17.45,9.14,8.17,2
23.90,8.47,12.75,3.93,8.01,6.60,5.12,5.21,11.11,9.56,17.33,3.63,9.65,11.93,16.72,18.54,9.14,8.17,2
23.16,8.47,12.75,3.93,8.01,5.94,5.12,5.21,11.11,9.18,17.33,3.26,9.65,11.08,16.72,18.54,9.14,8.17,2
17.93,7.53,11.84,3.93,7.28,5.94,5.12,5.21,11.11,8.80,17.33,3.26,9.65,11.08,15.84,18.54,9.14,8.17,2
5.23,5.65,10.93,3.15,7.28,5.94,5.12,5.21,10.00,7.65,16.31,3.26,8.85,11.08,15.84,19.63,7.31,8.17,2
8.96,6.59,11.84,3.93,7.28,5.94,5.59,5.21,11.11,8.42,16.31,3.63,10.45,11.93,16.72,20.72,7.92,8.17,2
17.93,8.47,12.75,5.50,9.47,7.26,5.12,5.64,10.00,11.86,18.35,3.26,10.45,11.93,22.01,19.63,9.14,7.27,2
29.13,9.41,13.66,5.50,9.47,7.26,5.12,5.64,10.00,11.09,17.33,3.63,10.45,11.93,18.48,19.63,7.92,8.17,2
21.66,8.47,13.66,5.50,10.20,7.26,5.12,5.21,10.00,11.48,17.33,3.26,9.65,11.08,16.72,18.54,7.31,7.27,2
19.42,8.47,13.66,5.50,10.20,7.92,5.12,5.21,10.00,10.71,17.33,3.26,9.65,11.08,15.84,18.54,7.31,7.27,2
24.65,8.47,13.66,3.93,8.01,5.94,5.59,5.64,10.00,9.56,17.33,3.63,9.65,11.08,17.60,19.63,8.53,8.17,2
32.87,10.35,14.57,5.50,10.93,7.26,5.12,6.08,10.00,12.63,17.33,3.63,12.87,11.93,19.36,20.72,7.31,8.17,2
23.90,8.47,12.75,4.72,9.47,6.60,5.12,5.21,11.11,10.71,17.33,3.26,9.65,11.08,16.72,19.63,8.53,7.27,2
14.94,7.53,11.84,3.93,8.01,6.60,5.12,4.78,11.11,9.18,17.33,3.26,8.85,11.08,15.84,18.54,8.53,7.27,2
10.46,7.53,12.75,4.72,8.74,7.26,4.19,4.34,10.00,9.18,17.33,2.90,8.85,11.08,14.96,18.54,7.31,7.27,2
14.94,7.53,12.75,4.72,8.74,7.26,5.12,6.08,10.00,11.86,17.33,3.63,12.87,12.79,19.36,20.72,7.92,8.17,2
45.57,13.18,20.03,6.29,13.11,7.92,5.12,5.21,10.00,9.18,18.35,3.63,15.28,14.49,21.13,20.72,7.31,7.27,2
29.13,9.41,14.57,3.93,9.47,5.94,5.12,5.21,10.00,10.71,16.31,3.63,9.65,11.08,18.48,19.63,8.53,8.17,2
17.18,7.53,11.84,4.72,8.01,6.60,5.12,5.21,11.11,9.95,17.33,3.26,9.65,11.08,15.84,18.54,8.53,7.27,2
17.93,7.53,12.75,4.72,9.47,7.26,4.19,5.21,10.00,10.33,16.31,2.54,8.85,11.08,14.96,16.36,7.31,8.17,2
20.92,8.47,13.66,5.50,10.20,7.26,4.19,4.78,10.00,11.48,17.33,2.54,8.85,10.23,14.96,15.27,7.31,7.27,2
30.63,10.35,15.48,5.50,10.20,6.60,5.12,5.64,10.00,11.48,17.33,3.63,10.45,11.93,18.48,19.63,7.92,8.17,2
27.64,10.35,14.57,6.29,11.66,7.92,5.12,5.64,10.00,13.39,17.33,3.26,10.45,11.08,18.48,18.54,7.31,7.27,2
14.19,7.53,12.75,4.72,10.20,7.26,4.66,4.78,10.00,9.95,17.33,3.26,8.85,11.08,14.96,18.54,7.31,7.27,2
15.69,7.53,12.75,4.72,8.74,6.60,5.12,4.78,11.11,9.56,16.31,3.26,9.65,11.08,15.84,19.63,7.92,7.27,2
16.43,7.53,12.75,4.72,8.74,6.60,5.12,4.78,11.11,9.56,16.31,3.26,9.65,11.08,15.84,18.54,7.92,7.27,2
20.92,8.47,13.66,4.72,9.47,6.60,5.12,5.21,11.11,9.95,17.33,3.63,11.26,11.93,18.48,19.63,8.53,8.17,2
29.13,10.35,15.48,5.50,10.93,7.26,5.12,5.64,10.00,12.24,17.33,3.26,12.06,11.93,18.48,19.63,7.92,7.27,2
28.39,10.35,15.48,6.29,13.11,7.92,5.12,6.08,10.00,13.39,17.33,3.26,12.06,11.93,19.36,19.63,7.31,7.27,2
27.64,9.41,16.39,6.29,11.66,8.58,5.12,6.08,10.00,12.63,16.31,3.26,10.45,11.93,17.60,19.63,7.31,8.17,2
29.13,10.35,17.30,7.08,16.75,14.53,4.66,4.78,10.00,10.33,17.33,3.63,9.65,11.08,15.84,18.54,6.70,7.27,2
34.36,11.30,20.03,7.08,17.48,13.87,5.12,4.78,10.00,9.95,17.33,3.63,9.65,11.08,15.84,18.54,6.70,7.27,2
33.62,11.30,20.03,7.08,16.75,10.56,5.12,5.21,10.00,9.95,17.33,3.63,9.65,11.08,15.84,18.54,7.31,7.27,2
28.39,10.35,20.03,6.29,15.30,9.90,5.12,5.21,8.89,9.56,17.33,3.63,10.45,11.08,16.72,18.54,7.31,7.27,2
27.64,9.41,17.30,7.08,15.30,10.56,5.59,5.21,10.00,9.95,16.31,3.63,10.45,11.93,16.72,19.63,7.31,8.17,2
31.37,13.18,25.50,7.08,15.30,8.58,5.12,5.21,8.89,8.42,16.31,3.63,11.26,11.93,16.72,19.63,7.31,7.27,2
27.64,9.41,14.57,4.72,9.47,6.60,5.59,5.64,10.00,10.71,17.33,3.63,10.45,11.93,18.48,19.63,8.53,8.17,2
29.13,9.41,13.66,4.72,10.20,6.60,5.12,5.21,10.00,11.86,17.33,3.26,10.45,11.08,18.48,19.63,7.92,7.27,2
27.64,9.41,13.66,5.50,10.20,7.26,5.12,5.64,10.00,12.24,16.31,3.26,10.45,11.93,17.60,19.63,7.31,7.27,2
22.41,8.47,13.66,5.50,10.20,7.26,4.66,5.64,10.00,11.48,16.31,3.26,10.45,11.08,15.84,18.54,7.31,8.17,2
23.90,8.47,14.57,5.50,10.93,7.26,4.66,5.21,8.89,11.86,17.33,2.90,9.65,11.08,15.84,17.45,7.31,7.27,2
30.63,10.35,14.57,5.50,10.20,6.60,5.12,6.08,10.00,11.86,16.31,3.63,13.67,13.64,19.36,20.72,7.92,8.17,2
29.88,9.41,14.57,5.50,10.93,7.92,5.12,5.21,10.00,11.86,16.31,3.26,11.26,11.93,18.48,19.63,7.31,7.27,2
37.35,11.30,17.30,7.08,15.30,10.56,5.12,5.21,10.00,10.33,16.31,3.63,10.45,11.93,16.72,19.63,7.31,8.17,2
48.56,14.12,20.94,7.86,24.04,22.45,5.12,4.78,10.00,8.80,17.33,3.63,8.85,11.08,14.96,18.54,7.92,7.27,2
57.52,16.94,35.51,6.29,24.04,13.87,5.59,5.21,11.11,8.80,16.31,3.63,9.65,11.08,14.96,19.63,7.92,8.17,2
27.64,9.41,14.57,4.72,8.74,5.94,5.12,5.21,10.00,10.33,17.33,3.26,11.26,11.93,18.48,19.63,8.53,7.27,2
21.66,8.47,14.57,5.50,10.93,8.58,4.66,4.78,10.00,10.33,17.33,3.26,8.85,11.08,15.84,18.54,6.70,7.27,2
22.41,8.47,13.66,5.50,11.66,9.24,4.66,4.78,10.00,9.95,16.31,3.26,8.85,11.08,15.84,18.54,7.31,7.27,2
22.41,8.47,13.66,5.50,11.66,8.58,4.66,4.78,10.00,9.95,16.31,3.26,9.65,11.08,15.84,18.54,7.31,7.27,2
29.13,10.35,18.21,7.08,21.13,24.43,5.12,4.78,10.00,8.80,16.31,3.63,8.85,11.08,14.96,18.54,7.31,7.27,2
30.63,11.30,20.03,7.08,21.13,22.45,5.12,5.21,11.11,8.80,16.31,3.63,9.65,11.08,14.96,18.54,7.31,8.17,2
27.64,10.35,16.39,7.08,18.21,18.49,5.12,5.21,11.11,9.18,16.31,3.63,9.65,11.08,14.96,18.54,7.31,8.17,2
35.86,14.12,30.96,7.08,19.67,18.49,5.12,4.78,10.00,8.80,17.33,3.63,8.85,11.08,14.96,18.54,7.31,7.27,2
35.11,13.18,29.14,7.08,18.94,17.83,5.12,4.78,10.00,8.80,17.33,3.63,8.85,11.08,15.84,18.54,7.31,7.27,2
38.10,15.06,33.69,7.08,17.48,10.56,5.12,5.21,8.89,8.80,17.33,3.63,9.65,11.08,15.84,18.54,7.31,7.27,2
27.64,10.35,18.21,6.29,14.57,9.90,5.12,5.21,10.00,10.71,17.33,3.26,12.06,11.93,17.60,19.63,7.31,7.27,2
23.90,9.41,16.39,6.29,12.38,9.24,5.12,5.64,10.00,11.09,16.31,3.63,11.26,11.93,16.72,19.63,7.31,8.17,2
23.16,9.41,19.12,6.29,12.38,8.58,4.66,5.21,10.00,11.48,17.33,3.26,12.06,11.93,19.36,19.63,7.31,8.17,2
22.41,9.41,16.39,5.50,10.93,8.58,4.66,5.21,10.00,11.09,16.31,3.26,11.26,11.93,18.48,18.54,7.31,8.17,2
20.92,8.47,16.39,6.29,12.38,9.24,4.66,4.78,10.00,10.33,16.31,3.26,9.65,11.08,16.72,18.54,7.31,7.27,2
23.16,9.41,17.30,7.08,14.57,11.22,5.12,4.78,10.00,9.95,17.33,3.26,9.65,11.08,15.84,18.54,7.31,7.27,2
21.66,9.41,17.30,6.29,13.11,10.56,5.12,4.78,10.00,9.95,17.33,3.26,9.65,11.08,16.72,18.54,7.31,7.27,2
27.64,10.35,19.12,7.08,19.67,21.79,5.12,4.78,10.00,8.80,17.33,3.26,8.85,11.08,14.96,18.54,7.31,7.27,2
30.63,12.24,25.50,7.08,26.23,33.67,5.12,4.78,11.11,8.42,16.31,3.63,8.85,11.08,14.96,18.54,7.31,7.27,2
27.64,11.30,20.03,7.08,18.94,16.51,5.12,4.78,10.00,8.80,16.31,3.63,9.65,11.08,14.96,18.54,7.31,7.27,2
25.40,9.41,18.21,6.29,13.84,9.90,5.12,5.21,10.00,10.33,16.31,3.26,12.06,11.93,17.60,19.63,7.31,7.27,2
23.90,8.47,12.75,3.93,8.01,5.28,5.59,5.21,10.00,9.56,17.33,3.63,9.65,11.08,18.48,19.63,8.53,8.17,2
27.64,9.41,13.66,4.72,8.74,5.94,5.12,5.64,10.00,11.09,16.31,3.63,15.28,15.34,20.24,21.81,7.92,8.17,2
41.83,10.35,12.75,5.50,10.20,7.26,5.12,6.08,10.00,13.01,17.33,3.63,12.06,14.49,22.89,25.08,7.31,8.17,2
8.96,5.65,8.19,4.72,8.01,6.60,4.66,4.78,10.00,9.18,16.31,3.63,10.45,11.93,19.36,19.63,7.31,9.08,2
14.19,8.47,13.66,5.50,12.38,10.56,4.66,4.34,10.00,8.80,16.31,3.63,9.65,11.08,14.96,18.54,6.70,7.27,2
27.64,11.30,25.50,7.08,21.13,23.11,4.66,4.78,10.00,8.42,17.33,3.63,8.85,11.08,14.96,17.45,6.70,7.27,2
15.69,7.53,13.66,4.72,9.47,7.92,5.12,5.21,11.11,9.18,17.33,3.26,9.65,11.08,15.84,18.54,7.92,8.17,2
26.15,8.47,14.57,3.93,9.47,5.94,5.59,5.21,10.00,9.56,17.33,3.63,10.45,11.08,17.60,19.63,8.53,8.17,2
28.39,9.41,12.75,4.72,8.74,5.94,5.12,5.21,10.00,11.48,17.33,3.26,14.47,14.49,21.13,21.81,7.92,7.27,2
36.60,10.35,12.75,5.50,9.47,6.60,5.12,5.64,10.00,12.63,18.35,3.26,12.06,14.49,22.89,22.90,7.31,7.27,2
19.42,8.47,16.39,5.50,11.66,8.58,4.66,5.21,10.00,10.71,16.31,3.26,9.65,11.08,16.72,18.54,6.70,7.27,2
25.40,10.35,19.12,7.08,16.03,13.21,5.12,5.21,10.00,9.18,17.33,3.63,9.65,11.08,15.84,18.54,7.31,8.17,2
30.63,12.24,26.41,7.08,16.75,11.88,5.12,5.21,10.00,8.80,16.31,3.63,10.45,11.08,15.84,18.54,7.31,8.17,2
35.11,13.18,30.05,7.08,16.75,11.22,5.12,5.21,10.00,8.80,16.31,3.63,9.65,11.08,15.84,18.54,7.31,8.17,2
35.11,13.18,30.05,7.08,16.75,11.22,5.12,4.78,10.00,8.80,17.33,3.63,9.65,11.08,15.84,18.54,7.31,7.27,2
31.37,12.24,27.32,7.86,16.75,11.88,5.59,5.21,10.00,8.80,16.31,3.63,10.45,11.93,16.72,18.54,7.31,8.17,2
29.13,11.30,24.58,7.08,16.75,11.88,5.12,5.21,10.00,8.80,17.33,3.63,10.45,11.08,16.72,18.54,7.31,8.17,2
27.64,10.35,22.76,7.08,16.03,11.22,5.12,4.78,10.00,8.80,16.31,3.63,9.65,11.08,16.72,18.54,7.31,7.27,2
32.87,12.24,27.32,7.08,16.75,11.22,5.12,4.78,10.00,8.80,17.33,3.26,9.65,11.08,15.84,18.54,7.31,7.27,2
35.86,13.18,30.05,7.08,16.75,11.88,5.12,5.21,10.00,8.80,17.33,3.63,9.65,11.08,15.84,18.54,7.31,8.17,2
37.35,14.12,30.96,7.08,16.75,10.56,5.12,5.21,10.00,8.42,16.31,3.63,9.65,11.08,15.84,18.54,7.31,7.27,2
32.87,12.24,27.32,7.08,16.03,10.56,5.12,4.78,10.00,8.80,17.33,3.26,9.65,11.08,16.72,18.54,7.31,7.27,2
32.12,12.24,26.41,7.08,16.03,10.56,5.12,5.21,10.00,8.80,16.31,3.63,10.45,11.08,16.72,18.54,7.31,7.27,2
35.11,13.18,30.05,7.86,16.75,11.22,5.12,5.21,10.00,8.80,17.33,3.63,9.65,11.08,15.84,18.54,7.31,8.17,2
30.63,11.30,25.50,7.08,16.75,10.56,5.12,5.21,10.00,8.80,16.31,3.63,10.45,11.08,16.72,18.54,7.31,7.27,2
26.89,10.35,20.94,7.08,15.30,10.56,5.12,5.21,10.00,9.18,16.31,3.63,10.45,11.93,16.72,19.63,7.31,8.17,2
27.64,10.35,22.76,7.08,16.03,10.56,5.12,4.78,10.00,9.18,17.33,3.26,10.45,11.08,16.72,18.54,7.31,7.27,2
30.63,11.30,25.50,7.08,16.03,10.56,5.12,4.78,10.00,9.18,17.33,3.26,9.65,11.08,16.72,18.54,7.31,7.27,2
28.39,10.35,22.76,7.08,16.03,10.56,5.12,4.78,10.00,9.18,17.33,3.26,10.45,11.08,16.72,18.54,7.31,7.27,2
26.89,10.35,20.94,7.08,15.30,10.56,5.12,5.21,10.00,9.18,16.31,3.26,10.45,11.08,16.72,18.54,7.31,7.27,2
26.15,9.41,20.94,7.08,15.30,10.56,5.12,5.21,10.00,9.56,16.31,3.63,10.45,11.93,16.72,19.63,7.31,8.17,2
28.39,10.35,22.76,7.08,16.03,10.56,5.12,5.21,10.00,9.18,16.31,3.26,10.45,11.08,16.72,18.54,7.31,7.27,2
27.64,10.35,21.85,7.08,16.03,10.56,5.12,4.78,10.00,9.18,16.31,3.26,10.45,11.08,16.72,18.54,7.31,7.27,2
25.40,9.41,20.03,6.29,15.30,9.90,5.12,4.78,10.00,9.56,16.31,3.26,10.45,11.93,16.72,19.63,7.31,7.27,2
26.89,10.35,21.85,7.08,15.30,11.22,5.12,5.21,10.00,9.18,17.33,3.63,10.45,11.08,16.72,18.54,7.31,8.17,2
28.39,10.35,22.76,7.08,16.03,10.56,5.12,5.21,10.00,9.18,17.33,3.63,10.45,11.93,16.72,19.63,7.31,8.17,2
28.39,10.35,22.76,7.08,16.03,10.56,5.12,5.21,10.00,9.18,16.31,3.63,10.45,11.93,16.72,19.63,7.31,8.17,2
26.89,10.35,21.85,7.08,15.30,10.56,5.12,4.78,10.00,9.18,17.33,3.26,10.45,11.08,16.72,18.54,7.31,7.27,2
28.39,10.35,22.76,7.08,16.03,11.22,5.12,5.21,10.00,9.18,17.33,3.63,10.45,11.93,16.72,19.63,7.31,8.17,2
29.13,10.35,23.67,7.08,16.03,10.56,5.12,5.21,10.00,9.18,16.31,3.26,10.45,11.08,16.72,18.54,7.31,7.27,2
28.39,10.35,22.76,7.08,16.03,9.90,5.12,4.78,10.00,9.18,16.31,3.26,10.45,11.08,16.72,18.54,7.31,7.27,2
28.39,10.35,22.76,7.08,16.03,9.90,5.12,4.78,10.00,9.18,17.33,3.26,10.45,11.08,16.72,18.54,7.31,7.27,2
27.64,9.41,21.85,7.08,15.30,10.56,5.12,4.78,10.00,9.18,16.31,3.26,10.45,11.08,16.72,18.54,7.31,7.27,2
27.64,10.35,21.85,6.29,15.30,9.90,5.12,4.78,10.00,9.18,17.33,3.26,10.45,11.08,16.72,18.54,7.31,7.27,2
26.89,10.35,21.85,7.08,15.30,9.90,5.12,4.78,10.00,9.18,17.33,3.26,10.45,11.08,16.72,18.54,7.31,7.27,2
29.13,10.35,23.67,7.08,16.03,9.90,5.12,4.78,10.00,9.18,17.33,3.26,10.45,11.08,16.72,18.54,7.31,7.27,2
28.39,10.35,22.76,7.08,16.03,9.90,5.12,5.21,8.89,9.18,17.33,3.26,10.45,11.08,16.72,18.54,7.31,7.27,2
27.64,10.35,21.85,6.29,15.30,9.90,5.12,4.78,10.00,9.18,17.33,3.26,10.45,11.08,16.72,18.54,7.31,7.27,2
27.64,10.35,21.85,7.08,15.30,10.56,5.12,5.21,10.00,9.18,16.31,3.26,10.45,11.08,16.72,18.54,7.31,7.27,2
28.39,10.35,22.76,7.08,16.03,10.56,5.12,5.21,10.00,9.18,17.33,3.63,10.45,11.93,16.72,19.63,7.31,8.17,2
28.39,10.35,22.76,7.08,16.03,9.90,5.12,4.78,10.00,9.18,17.33,3.26,10.45,11.08,16.72,18.54,7.31,7.27,2
29.88,11.30,24.58,7.08,16.03,9.90,5.12,4.78,10.00,9.18,17.33,3.26,10.45,11.08,16.72,18.54,7.31,7.27,2
31.37,11.30,27.32,7.86,16.03,10.56,5.59,5.21,10.00,8.80,17.33,3.63,11.26,11.93,16.72,19.63,7.31,8.17,2
38.84,15.06,32.78,4.72,16.75,6.60,5.12,5.21,10.00,8.42,17.33,3.63,9.65,11.08,16.72,18.54,7.31,7.27,2
23.16,8.47,11.84,3.93,7.28,5.94,5.59,5.21,10.00,9.18,16.31,3.63,9.65,11.08,17.60,19.63,8.53,8.17,2
25.40,8.47,12.75,3.93,8.01,5.94,5.12,5.21,10.00,9.95,17.33,3.26,8.85,11.08,17.60,18.54,8.53,7.27,2
23.90,8.47,11.84,3.93,8.01,5.94,5.12,5.21,11.11,9.56,16.31,3.26,9.65,11.08,16.72,18.54,8.53,8.17,2
18.68,7.53,11.84,3.93,8.01,6.60,5.12,5.21,11.11,9.95,16.31,3.26,9.65,11.08,16.72,18.54,8.53,7.27,2
18.68,7.53,11.84,4.72,8.74,6.60,5.12,5.21,11.11,10.33,16.31,3.26,9.65,11.93,16.72,19.63,7.92,8.17,2
28.39,9.41,13.66,4.72,8.74,6.60,5.12,5.21,8.89,10.71,17.33,3.26,9.65,11.08,18.48,19.63,7.92,7.27,2
20.17,8.47,12.75,4.72,10.20,7.26,5.12,5.21,10.00,11.09,18.35,3.63,9.65,11.93,15.84,18.54,7.31,7.27,1
20.92,8.47,12.75,4.72,10.20,7.26,5.12,5.21,10.00,11.09,18.35,3.63,9.65,11.93,15.84,18.54,7.31,7.27,1
20.92,8.47,12.75,4.72,10.20,7.26,5.12,5.64,10.00,11.09,17.33,3.63,9.65,11.93,15.84,18.54,7.31,8.17,1
20.92,8.47,12.75,5.50,10.20,7.26,5.12,5.64,10.00,11.09,18.35,3.63,10.45,11.93,15.84,18.54,7.31,8.17,1
20.92,8.47,12.75,4.72,10.20,7.26,5.12,5.21,10.00,11.09,18.35,3.63,9.65,11.93,15.84,18.54,7.31,7.27,1
20.92,8.47,12.75,4.72,10.20,7.26,5.12,5.64,10.00,11.09,17.33,3.63,10.45,11.93,15.84,18.54,7.31,8.17,1
20.92,8.47,12.75,4.72,10.20,7.26,5.12,5.64,10.00,11.09,17.33,3.63,10.45,11.93,15.84,19.63,7.31,8.17,1
20.92,8.47,12.75,4.72,10.20,7.26,5.12,5.64,10.00,11.09,17.33,3.63,10.45,11.93,16.72,18.54,7.31,8.17,1
20.92,8.47,12.75,5.50,10.20,7.26,5.59,5.64,10.00,11.09,17.33,3.63,10.45,12.79,16.72,19.63,7.31,8.17,1
20.92,8.47,12.75,4.72,10.20,7.26,5.59,5.64,10.00,11.09,17.33,3.63,10.45,12.79,16.72,19.63,7.31,8.17,1
20.92,8.47,12.75,4.72,10.20,7.26,5.12,5.64,10.00,11.09,18.35,3.63,10.45,11.93,16.72,19.63,7.31,7.27,1
20.92,8.47,12.75,5.50,10.20,7.26,5.59,5.64,11.11,11.09,18.35,3.63,11.26,12.79,16.72,19.63,7.31,8.17,1
20.92,8.47,12.75,5.50,10.20,7.26,5.59,5.64,11.11,11.09,18.35,3.63,11.26,12.79,16.72,20.72,7.31,8.17,1
21.66,9.41,12.75,4.72,10.93,7.26,5.12,5.64,10.00,11.09,18.35,3.63,10.45,12.79,16.72,19.63,7.31,7.27,1
21.66,9.41,13.66,4.72,10.93,7.26,5.12,5.64,10.00,11.09,19.37,3.63,10.45,12.79,16.72,19.63,7.31,7.27,1
22.41,9.41,13.66,4.72,10.93,7.26,5.12,5.64,10.00,11.09,18.35,3.63,10.45,12.79,16.72,19.63,7.31,7.27,1
22.41,9.41,13.66,4.72,10.93,7.26,5.12,5.64,10.00,11.09,19.37,3.63,10.45,12.79,17.60,19.63,7.31,7.27,1
22.41,9.41,13.66,5.50,10.93,7.26,5.12,5.64,10.00,11.09,19.37,3.63,10.45,12.79,17.60,19.63,7.31,7.27,1
22.41,9.41,13.66,5.50,10.93,7.26,5.59,5.64,10.00,11.09,18.35,3.63,10.45,12.79,17.60,19.63,7.31,8.17,1
21.66,9.41,13.66,4.72,10.93,7.26,5.59,5.64,11.11,11.09,18.35,3.99,10.45,12.79,17.60,19.63,7.31,8.17,1
18.68,7.53,12.75,3.93,9.47,6.60,5.59,5.64,11.11,9.18,18.35,3.99,10.45,12.79,16.72,19.63,7.31,8.17,1
17.93,7.53,12.75,4.72,9.47,6.60,5.59,5.64,11.11,9.18,18.35,3.99,10.45,12.79,16.72,20.72,7.31,8.17,1
18.68,7.53,12.75,3.93,9.47,6.60,5.59,5.64,11.11,9.18,18.35,3.99,10.45,12.79,16.72,19.63,7.31,8.17,1
18.68,8.47,12.75,3.93,9.47,6.60,5.59,5.64,11.11,9.56,19.37,3.99,10.45,12.79,16.72,19.63,7.31,8.17,1
18.68,8.47,12.75,3.93,9.47,6.60,5.59,5.64,11.11,9.56,18.35,3.99,10.45,12.79,16.72,19.63,7.31,8.17,1
18.68,8.47,12.75,4.72,9.47,6.60,5.59,5.64,11.11,9.56,18.35,3.99,10.45,12.79,16.72,19.63,7.31,8.17,1
18.68,8.47,12.75,4.72,9.47,6.60,5.59,5.64,11.11,9.56,18.35,3.99,10.45,12.79,16.72,20.72,7.31,8.17,1
18.68,8.47,12.75,4.72,9.47,6.60,5.59,5.64,11.11,9.56,17.33,3.99,10.45,12.79,16.72,19.63,7.31,8.17,1
22.41,8.47,13.66,3.93,9.47,6.60,5.59,5.64,10.00,9.56,19.37,3.99,10.45,12.79,16.72,19.63,7.31,8.17,1
23.90,10.35,15.48,5.50,11.66,7.92,5.59,6.08,10.00,11.86,18.35,3.99,12.87,13.64,18.48,20.72,7.31,8.17,1
23.16,9.41,14.57,5.50,11.66,7.92,5.12,5.64,10.00,12.24,19.37,3.63,11.26,12.79,17.60,20.72,7.31,8.17,1
21.66,9.41,13.66,5.50,10.93,7.26,5.12,5.64,10.00,11.86,19.37,3.63,11.26,12.79,17.60,19.63,7.31,8.17,1
20.92,9.41,12.75,5.50,10.93,7.26,5.12,5.64,10.00,11.86,18.35,3.63,11.26,12.79,17.60,20.72,7.31,8.17,1
20.92,8.47,12.75,5.50,10.20,7.26,5.12,5.64,10.00,11.48,18.35,3.63,11.26,12.79,17.60,20.72,7.31,8.17,1
21.66,9.41,13.66,4.72,10.20,7.26,5.59,5.64,11.11,10.71,18.35,3.99,11.26,12.79,17.60,20.72,7.31,8.17,1
20.92,8.47,13.66,4.72,10.20,7.26,5.59,5.64,11.11,10.33,19.37,3.99,10.45,12.79,16.72,20.72,7.31,8.17,1
21.66,8.47,14.57,4.72,10.20,7.26,5.59,5.64,10.00,10.33,18.35,3.99,10.45,12.79,16.72,19.63,7.31,8.17,1
21.66,9.41,14.57,4.72,10.93,7.26,5.59,5.64,11.11,10.33,18.35,3.99,11.26,13.64,17.60,20.72,7.31,8.17,1
23.90,10.35,16.39,5.50,11.66,7.26,5.59,5.64,10.00,11.48,19.37,3.99,12.87,13.64,18.48,20.72,7.31,8.17,1
23.90,10.35,15.48,5.50,11.66,7.92,5.59,6.08,10.00,12.24,18.35,3.99,12.87,13.64,18.48,20.72,7.31,8.17,1
23.16,10.35,14.57,5.50,11.66,7.92,5.12,6.08,10.00,12.63,19.37,3.63,12.06,13.64,18.48,20.72,7.31,8.17,1
20.92,8.47,12.75,5.50,10.20,7.26,5.12,5.64,10.00,11.86,19.37,3.63,11.26,12.79,17.60,19.63,7.31,7.27,1
20.92,8.47,12.75,4.72,10.20,7.26,5.12,5.64,10.00,11.48,19.37,3.63,10.45,12.79,16.72,19.63,7.31,7.27,1
20.17,8.47,11.84,5.50,10.20,7.26,5.12,5.64,10.00,11.09,17.33,3.63,10.45,12.79,16.72,19.63,7.31,8.17,1
19.42,8.47,11.84,4.72,9.47,6.60,5.12,5.21,10.00,10.71,18.35,3.63,10.45,12.79,16.72,19.63,7.31,8.17,1
20.92,8.47,12.75,4.72,10.20,6.60,5.12,5.21,10.00,10.33,18.35,3.63,10.45,12.79,16.72,19.63,7.31,7.27,1
20.92,8.47,13.66,4.72,10.20,6.60,5.12,5.21,10.00,9.56,17.33,3.63,10.45,11.93,15.84,19.63,7.31,8.17,1
14.94,6.59,11.84,3.93,8.01,6.60,5.12,5.21,11.11,8.80,17.33,3.63,9.65,11.93,15.84,19.63,7.31,7.27,1
13.45,7.53,11.84,4.72,8.74,7.26,5.12,5.21,11.11,10.33,18.35,3.26,11.26,11.93,16.72,19.63,7.92,7.27,1
20.17,8.47,13.66,4.72,9.47,6.60,5.59,5.64,11.11,10.71,17.33,3.63,12.06,12.79,17.60,19.63,7.92,8.17,1
20.92,8.47,13.66,4.72,10.20,6.60,5.59,5.21,10.00,10.71,18.35,3.63,12.06,11.93,17.60,19.63,7.92,7.27,1
20.92,8.47,13.66,4.72,10.20,6.60,5.59,5.21,10.00,10.71,18.35,3.63,12.06,11.93,17.60,19.63,7.92,7.27,1
20.92,8.47,13.66,4.72,10.20,7.26,5.59,5.64,11.11,10.71,17.33,3.63,12.06,12.79,17.60,19.63,7.92,8.17,1
21.66,9.41,13.66,4.72,10.20,7.26,5.12,5.64,10.00,11.09,18.35,3.63,11.26,11.93,18.48,19.63,7.92,7.27,1
21.66,9.41,13.66,4.72,10.20,7.26,5.12,5.64,10.00,11.48,18.35,3.63,11.26,11.93,18.48,19.63,7.92,7.27,1
20.92,9.41,13.66,4.72,10.20,7.26,5.59,5.64,11.11,11.09,17.33,3.63,11.26,11.93,17.60,19.63,7.92,8.17,1
20.92,9.41,13.66,4.72,10.20,7.26,5.12,5.64,10.00,11.09,18.35,3.63,11.26,11.93,17.60,19.63,7.92,7.27,1
20.92,9.41,13.66,4.72,10.20,7.26,5.59,5.64,11.11,11.09,17.33,3.63,11.26,12.79,17.60,19.63,7.92,8.17,1
20.92,8.47,13.66,5.50,10.20,7.26,5.59,5.64,11.11,11.09,18.35,3.63,11.26,12.79,17.60,19.63,7.92,8.17,1
20.92,8.47,13.66,4.72,10.20,7.26,5.12,5.64,11.11,11.09,18.35,3.63,11.26,11.93,17.60,19.63,7.92,7.27,1
20.17,8.47,13.66,4.72,9.47,7.26,5.12,5.21,11.11,10.71,18.35,3.63,11.26,11.93,16.72,19.63,7.92,7.27,1
20.17,8.47,13.66,4.72,9.47,7.26,5.59,5.64,11.11,10.33,17.33,3.63,11.26,12.79,16.72,19.63,7.92,8.17,1
19.42,8.47,13.66,4.72,9.47,7.26,5.59,5.64,11.11,10.33,17.33,3.63,11.26,12.79,16.72,19.63,7.92,8.17,1
20.92,8.47,13.66,4.72,9.47,6.60,5.59,5.64,11.11,9.95,18.35,3.99,11.26,12.79,16.72,19.63,7.92,8.17,1
20.92,8.47,13.66,4.72,9.47,6.60,5.59,5.64,11.11,9.56,18.35,3.99,11.26,11.93,16.72,19.63,7.92,7.27,1
22.41,8.47,13.66,4.72,10.20,6.60,5.59,5.64,11.11,10.33,18.35,3.99,12.06,12.79,17.60,20.72,7.92,8.17,1
29.13,10.35,15.48,5.50,10.93,7.92,5.59,5.64,10.00,11.48,17.33,3.99,11.26,12.79,17.60,19.63,7.92,8.17,1
24.65,10.35,15.48,5.50,10.93,7.92,5.59,5.64,10.00,11.48,17.33,3.63,11.26,12.79,17.60,19.63,7.92,8.17,1
26.15,10.35,15.48,5.50,10.93,7.92,5.59,5.64,10.00,11.48,18.35,3.99,11.26,12.79,17.60,19.63,7.92,8.17,1
26.89,10.35,16.39,5.50,11.66,7.92,5.59,5.64,10.00,11.48,17.33,3.99,11.26,12.79,17.60,19.63,7.92,8.17,1
26.15,10.35,17.30,6.29,11.66,8.58,6.06,6.08,10.00,11.48,17.33,3.99,11.26,12.79,17.60,20.72,7.92,8.17,1
26.89,10.35,17.30,5.50,11.66,7.92,5.59,5.64,10.00,11.48,18.35,3.99,11.26,12.79,17.60,19.63,7.92,8.17,1
26.15,10.35,16.39,5.50,11.66,7.26,5.59,5.64,10.00,10.71,17.33,3.99,10.45,12.79,16.72,19.63,7.92,8.17,1
26.89,10.35,16.39,5.50,11.66,7.92,6.06,6.08,10.00,11.09,17.33,3.99,10.45,12.79,16.72,19.63,7.92,8.17,1
25.40,10.35,16.39,5.50,11.66,7.92,5.59,5.64,10.00,11.09,18.35,3.63,10.45,12.79,16.72,19.63,7.31,7.27,1
25.40,10.35,15.48,5.50,11.66,7.92,5.59,5.64,10.00,11.48,18.35,3.63,10.45,12.79,16.72,19.63,7.31,7.27,1
26.15,10.35,15.48,5.50,11.66,7.92,5.59,5.64,10.00,11.48,18.35,3.63,10.45,11.93,16.72,19.63,7.92,7.27,1
26.15,10.35,16.39,5.50,11.66,7.92,5.59,5.64,10.00,11.09,18.35,3.63,10.45,11.93,16.72,19.63,7.92,7.27,1
26.15,10.35,16.39,5.50,11.66,7.92,5.59,5.64,10.00,11.09,17.33,3.99,10.45,12.79,16.72,19.63,7.92,8.17,1
26.89,10.35,16.39,5.50,11.66,7.92,5.59,5.64,10.00,11.09,18.35,3.99,10.45,12.79,16.72,19.63,7.92,7.27,1
26.89,10.35,17.30,5.50,11.66,7.92,5.59,5.64,10.00,11.09,17.33,3.99,10.45,12.79,16.72,19.63,7.92,8.17,1
27.64,10.35,17.30,5.50,11.66,7.92,5.59,5.64,8.89,11.48,18.35,3.99,10.45,12.79,17.60,19.63,7.92,8.17,1
30.63,11.30,16.39,5.50,11.66,7.92,5.59,6.08,10.00,12.24,17.33,3.99,12.06,12.79,17.60,20.72,7.92,8.17,1
31.37,11.30,15.48,5.50,11.66,7.92,5.59,6.08,8.89,12.24,18.35,3.63,12.06,12.79,17.60,19.63,7.92,8.17,1
32.12,12.24,18.21,6.29,13.84,8.58,5.59,6.51,11.11,13.77,18.35,3.99,16.89,16.20,22.01,21.81,7.92,8.17,1
32.87,12.24,18.21,7.08,13.11,8.58,5.59,6.51,10.00,13.77,18.35,3.99,16.08,16.20,22.89,21.81,7.92,8.17,1
35.11,12.24,18.21,7.08,13.84,8.58,6.06,6.51,11.11,13.77,18.35,3.99,16.08,16.20,22.01,21.81,7.92,9.08,1
32.87,11.30,17.30,6.29,12.38,8.58,5.12,6.08,10.00,11.86,17.33,3.99,13.67,13.64,19.36,19.63,7.92,8.17,1
27.64,10.35,15.48,6.29,11.66,8.58,5.59,6.08,10.00,11.48,18.35,3.63,12.06,12.79,18.48,19.63,7.92,8.17,1
22.41,9.41,14.57,5.50,10.93,7.92,5.12,5.64,10.00,11.09,18.35,3.63,12.06,12.79,17.60,19.63,7.31,8.17,1
24.65,9.41,14.57,5.50,10.93,8.58,5.12,5.64,10.00,11.48,18.35,3.63,12.06,12.79,17.60,19.63,7.31,8.17,1
22.41,9.41,14.57,5.50,10.93,8.58,5.12,5.21,10.00,10.71,18.35,3.63,10.45,11.93,16.72,19.63,7.31,7.27,1
19.42,8.47,13.66,5.50,10.20,7.92,5.12,5.21,10.00,10.71,17.33,3.63,10.45,12.79,16.72,19.63,7.31,8.17,1
20.17,9.41,14.57,5.50,10.20,7.92,5.12,5.21,10.00,10.71,18.35,3.63,10.45,11.93,16.72,19.63,7.31,7.27,1
23.16,9.41,14.57,4.72,10.20,7.26,5.59,5.64,10.00,10.33,17.33,3.99,10.45,12.79,16.72,19.63,7.31,8.17,1
28.39,10.35,16.39,5.50,10.93,7.26,6.06,6.08,10.00,11.09,17.33,3.99,10.45,12.79,16.72,19.63,7.92,8.17,1
33.62,13.18,19.12,6.29,13.11,7.92,6.06,6.08,10.00,11.86,18.35,3.99,13.67,13.64,18.48,20.72,7.92,8.17,1
35.86,14.12,20.03,6.29,13.84,8.58,5.59,6.08,10.00,13.39,18.35,3.99,14.47,13.64,18.48,19.63,7.92,8.17,1
41.83,14.12,18.21,7.08,13.84,8.58,6.06,6.51,11.11,13.77,17.33,3.99,15.28,13.64,19.36,20.72,7.92,8.17,1
45.57,14.12,17.30,7.08,13.11,9.24,6.06,6.51,11.11,13.01,17.33,3.99,14.47,13.64,19.36,20.72,7.92,9.08,1
44.82,13.18,16.39,7.08,12.38,8.58,5.12,5.64,10.00,12.24,18.35,3.63,12.87,12.79,18.48,19.63,7.92,8.17,1
34.36,10.35,15.48,6.29,11.66,8.58,5.12,5.64,10.00,11.86,17.33,3.63,11.26,12.79,17.60,19.63,7.31,8.17,1
32.12,10.35,15.48,6.29,11.66,8.58,5.12,5.64,10.00,11.48,17.33,3.63,11.26,12.79,16.72,19.63,7.31,8.17,1
31.37,10.35,15.48,6.29,12.38,8.58,5.12,5.64,10.00,11.09,17.33,3.63,11.26,12.79,16.72,19.63,7.31,8.17,1
32.12,10.35,15.48,6.29,12.38,8.58,5.59,5.64,10.00,11.09,17.33,3.63,11.26,12.79,16.72,19.63,7.31,8.17,1
24.65,9.41,14.57,5.50,12.38,9.24,5.12,5.64,10.00,10.33,18.35,3.63,10.45,11.93,15.84,19.63,7.31,8.17,1
23.16,9.41,13.66,5.50,10.20,7.92,5.12,5.21,10.00,10.71,18.35,3.63,9.65,11.93,15.84,18.54,7.31,7.27,1
22.41,9.41,13.66,5.50,10.20,7.92,5.59,5.64,10.00,10.71,17.33,3.63,10.45,12.79,15.84,19.63,7.31,8.17,1
23.16,9.41,14.57,5.50,10.20,7.92,5.12,5.64,10.00,10.71,17.33,3.63,10.45,11.93,15.84,18.54,7.31,8.17,1
23.16,9.41,14.57,5.50,10.93,7.92,5.59,5.64,10.00,10.71,17.33,3.63,10.45,11.93,15.84,19.63,7.31,8.17,1
23.16,9.41,14.57,5.50,10.93,7.26,5.59,5.64,11.11,10.71,17.33,3.63,9.65,11.93,15.84,19.63,7.31,8.17,1
31.37,11.30,17.30,6.29,12.38,7.92,6.06,6.08,10.00,11.86,17.33,3.99,11.26,12.79,16.72,19.63,7.31,8.17,1
38.84,14.12,17.30,6.29,13.11,7.92,5.59,6.08,10.00,13.01,18.35,3.63,12.87,12.79,17.60,19.63,7.92,8.17,1
56.03,17.88,20.03,7.86,14.57,8.58,5.59,6.51,10.00,13.77,17.33,3.63,14.47,13.64,18.48,19.63,7.92,8.17,1
58.27,17.88,18.21,9.44,14.57,8.58,5.59,6.51,10.00,13.39,18.35,3.63,13.67,13.64,18.48,19.63,7.92,8.17,1
44.07,13.18,15.48,7.08,12.38,7.92,5.12,5.64,10.00,12.63,18.35,3.63,12.06,11.93,16.72,18.54,7.31,8.17,1
36.60,11.30,14.57,6.29,11.66,7.92,5.59,5.64,10.00,11.86,17.33,3.63,11.26,11.93,16.72,19.63,7.31,8.17,1
31.37,10.35,14.57,6.29,11.66,8.58,5.59,5.64,10.00,11.09,17.33,3.63,10.45,11.93,15.84,18.54,7.31,8.17,1
28.39,9.41,14.57,5.50,11.66,8.58,5.12,5.21,10.00,10.71,18.35,3.63,9.65,11.93,15.84,18.54,7.31,7.27,1
26.15,9.41,14.57,5.50,12.38,9.24,5.12,5.21,10.00,10.33,17.33,3.63,9.65,11.93,15.84,18.54,7.31,8.17,1
23.90,9.41,13.66,5.50,13.11,9.24,5.12,5.21,10.00,9.95,18.35,3.63,9.65,11.08,15.84,17.45,7.31,7.27,1
24.65,9.41,13.66,5.50,12.38,8.58,5.12,5.21,10.00,9.95,17.33,3.63,9.65,11.93,14.96,17.45,7.31,7.27,1
25.40,9.41,14.57,6.29,14.57,9.90,5.59,5.64,10.00,9.95,17.33,3.63,9.65,11.93,14.96,18.54,7.31,8.17,1
26.15,9.41,14.57,5.50,10.93,7.26,5.12,5.21,8.89,10.71,18.35,3.63,9.65,11.08,15.84,17.45,7.31,7.27,1
32.12,11.30,16.39,5.50,11.66,7.92,5.59,5.64,8.89,11.86,17.33,3.63,10.45,11.93,16.72,18.54,7.31,8.17,1
34.36,11.30,15.48,5.50,11.66,7.92,5.59,6.08,10.00,12.63,17.33,3.63,11.26,11.93,16.72,18.54,7.31,8.17,1
34.36,11.30,14.57,5.50,10.93,7.92,5.12,5.64,8.89,12.24,18.35,3.63,11.26,11.93,16.72,18.54,7.31,8.17,1
31.37,10.35,14.57,6.29,10.93,7.92,5.12,5.64,10.00,11.86,17.33,3.63,10.45,11.93,15.84,18.54,7.31,8.17,1
27.64,9.41,13.66,5.50,10.20,7.26,5.12,5.21,8.89,11.09,18.35,3.26,9.65,11.08,15.84,17.45,7.31,7.27,1
29.88,10.35,15.48,5.50,10.93,7.92,5.12,5.64,8.89,11.86,18.35,3.63,9.65,11.93,15.84,18.54,7.31,7.27,1
30.63,10.35,15.48,5.50,10.93,7.92,5.59,5.64,10.00,11.86,17.33,3.63,10.45,11.93,15.84,18.54,7.31,8.17,1