30.63,14.12,21.85,4.72,13.84,6.60,11.64,23.44,75.53,37.11,45.88,4.72,8.04,6.82,25.53,25.08,12.19,8.17,1
27.64,12.24,19.12,4.72,13.11,5.94,11.18,22.14,71.09,35.58,43.84,4.72,8.04,6.82,24.65,23.99,11.58,8.17,1
29.13,13.18,20.03,5.50,13.84,6.60,12.11,24.75,79.97,37.49,44.86,5.08,8.85,6.82,25.53,26.17,12.19,8.17,1
32.12,14.12,20.94,6.29,14.57,8.58,18.63,38.21,122.18,48.21,55.05,7.25,11.26,8.52,34.33,41.44,15.84,9.99,1
50.80,20.71,28.23,9.44,21.85,9.24,22.36,48.63,155.50,66.95,70.34,7.98,12.87,9.38,46.65,47.98,21.33,10.90,1
75.45,29.18,36.42,14.15,27.68,11.22,28.41,70.77,219.92,99.47,85.63,10.52,17.69,11.93,60.73,59.98,29.86,13.62,1
49.30,22.59,36.42,5.50,20.40,11.88,14.44,29.96,97.74,48.21,59.13,6.53,10.45,8.52,34.33,34.90,17.06,9.08,1
11.21,7.53,12.75,3.15,6.56,6.60,9.32,20.41,68.86,27.55,43.84,5.44,8.85,7.67,18.48,27.26,9.14,8.17,1
41.83,19.77,31.87,3.93,11.66,6.60,9.78,25.62,85.53,45.14,53.01,5.44,10.45,8.52,29.05,29.44,16.45,9.99,1
37.35,16.00,22.76,5.50,16.75,6.60,14.44,29.09,94.41,48.21,54.03,5.44,9.65,7.67,33.45,29.44,15.84,9.08,1
22.41,8.47,10.02,3.15,6.56,3.96,8.38,22.58,73.31,40.94,34.66,3.99,8.04,5.97,20.24,18.54,10.97,8.17,1
60.51,27.30,49.17,7.08,24.77,12.55,16.30,35.60,115.51,58.53,75.44,6.89,12.06,9.38,44.01,40.35,21.94,9.99,1
12.70,7.53,12.75,2.36,6.56,5.28,8.85,17.80,59.98,27.93,44.86,4.72,8.04,5.97,21.13,21.81,10.36,7.27,1
12.70,6.59,10.93,3.15,6.56,5.28,10.25,19.97,71.09,32.14,35.68,3.99,7.24,5.97,20.24,18.54,9.14,7.27,1
50.80,19.77,25.50,6.29,18.21,7.26,13.97,32.56,104.41,57.39,59.13,5.80,10.45,7.67,36.97,31.62,18.28,9.08,1
32.87,15.06,21.85,3.15,8.74,4.62,7.92,20.41,66.64,36.73,42.82,4.35,8.85,6.82,21.13,20.72,12.19,8.17,1
29.88,13.18,19.12,4.72,13.84,5.94,13.04,26.48,85.53,44.38,51.99,5.08,8.85,6.82,31.69,27.26,14.62,8.17,1
18.68,7.53,9.11,3.15,5.83,3.96,8.38,21.27,69.98,38.64,30.58,3.99,8.04,5.97,18.48,16.36,9.75,8.17,1
53.78,22.59,32.78,7.86,23.31,9.90,18.17,38.64,124.40,60.45,68.30,6.89,11.26,8.52,42.25,40.35,20.11,9.99,1
47.06,19.77,28.23,9.44,20.40,13.21,20.96,44.72,144.39,58.92,66.26,7.98,12.87,10.23,42.25,47.98,19.50,10.90,1
16.43,9.41,15.48,3.15,8.74,7.26,10.71,22.14,73.31,30.99,45.88,5.44,8.85,7.67,22.89,30.53,10.97,8.17,1
11.21,7.53,11.84,2.36,6.56,5.28,9.32,19.54,63.31,26.02,39.76,5.08,8.04,6.82,18.48,25.08,9.14,8.17,1
20.92,10.35,16.39,6.29,10.93,9.24,18.17,36.03,115.51,34.05,44.86,6.89,11.26,8.52,24.65,45.80,11.58,9.99,1
45.57,18.83,26.41,5.50,20.40,7.26,18.63,37.77,123.29,69.63,77.48,6.89,10.45,8.52,51.05,40.35,23.16,9.08,1
14.19,7.53,11.84,3.15,7.28,4.62,10.71,20.84,73.31,35.20,37.72,4.35,7.24,5.97,22.89,20.72,9.75,7.27,1
33.62,14.12,20.94,4.72,13.84,6.60,11.18,24.31,77.75,39.79,46.89,4.72,8.85,6.82,26.41,25.08,12.80,8.17,1
43.33,18.83,30.05,3.93,12.38,6.60,9.78,24.75,79.97,42.47,48.93,5.08,9.65,7.67,27.29,26.17,14.62,9.08,1
61.25,25.41,38.24,8.65,26.23,11.88,20.03,42.98,138.84,65.80,75.44,7.62,12.87,9.38,48.41,46.89,23.16,10.90,1
32.12,12.24,14.57,5.50,9.47,5.28,12.58,33.43,107.74,54.71,43.84,5.44,10.45,7.67,28.17,27.26,14.62,9.99,1
82.92,35.77,57.36,10.22,34.97,16.51,25.15,52.53,169.94,81.11,99.91,9.79,15.28,11.93,63.38,63.25,29.86,12.71,1
18.68,10.35,19.12,3.15,9.47,7.26,11.18,23.88,78.86,34.05,55.05,5.80,9.65,7.67,27.29,34.90,13.41,8.17,1
75.45,32.00,45.53,10.22,32.05,13.21,23.29,49.06,156.61,75.37,82.58,8.71,13.67,10.23,53.69,52.34,25.59,10.90,1
67.98,27.30,38.24,13.37,29.87,17.83,28.88,63.39,207.70,72.69,83.60,11.24,17.69,12.79,52.81,70.88,24.98,12.71,1
91.88,36.71,50.99,11.01,33.51,15.19,21.89,51.66,169.94,84.17,91.75,9.07,15.28,11.08,58.09,57.80,29.25,11.81,1
83.66,33.89,48.26,11.79,33.51,16.51,23.75,53.84,176.60,81.87,91.75,9.79,16.08,11.93,58.97,64.34,28.64,12.71,1
95.62,38.59,57.36,11.01,37.88,11.88,21.43,51.66,168.83,89.52,101.95,8.71,15.28,11.08,66.02,53.43,32.30,12.71,1
29.13,11.30,12.75,4.72,8.01,4.62,10.71,29.09,94.41,50.88,39.76,5.08,10.45,7.67,25.53,25.08,13.41,9.99,1
29.13,15.06,28.23,3.93,13.11,10.56,13.04,29.52,98.85,42.85,68.30,6.89,11.26,9.38,35.21,46.89,17.06,9.99,1
38.84,16.94,26.41,3.93,10.20,5.28,8.85,22.58,74.42,39.41,45.88,4.72,9.65,7.67,24.65,25.08,14.02,9.08,1
19.42,9.41,13.66,3.93,9.47,5.28,12.58,23.88,78.86,37.11,42.82,4.72,8.04,6.82,26.41,26.17,11.58,8.17,1
35.86,16.00,24.58,4.72,13.84,7.26,10.71,23.44,75.53,38.64,46.89,4.72,8.85,6.82,26.41,25.08,13.41,8.17,1
40.34,16.94,22.76,6.29,17.48,8.58,14.90,32.13,103.30,49.74,57.09,6.17,10.45,7.67,35.21,34.90,16.45,9.08,1
42.58,17.88,25.50,7.86,18.21,11.88,18.63,39.94,129.95,49.74,60.15,7.62,12.06,9.38,36.09,45.80,17.06,9.99,1
21.66,8.47,10.02,3.93,6.56,3.96,9.32,23.44,76.64,42.08,34.66,4.35,8.85,6.82,21.13,20.72,10.97,9.08,1
73.21,29.18,40.97,8.65,29.14,12.55,18.63,40.38,132.18,75.75,82.58,7.62,12.87,9.38,54.57,49.07,26.20,10.90,1
22.41,11.30,20.94,3.15,10.93,7.92,11.18,23.01,75.53,36.73,59.13,5.44,8.85,6.82,30.81,31.62,14.62,8.17,1
20.17,9.41,14.57,4.72,10.20,5.94,11.18,22.58,72.20,38.64,47.91,4.72,8.04,6.82,28.17,25.08,12.80,8.17,1
38.10,16.94,26.41,4.72,10.93,6.60,10.71,23.88,76.64,37.88,44.86,4.72,8.85,6.82,24.65,26.17,13.41,8.17,1
45.57,18.83,25.50,6.29,18.21,7.26,13.97,30.39,97.74,52.03,58.11,5.44,9.65,7.67,36.09,30.53,17.67,9.08,1
29.13,10.35,12.75,4.72,8.74,4.62,11.64,29.52,96.63,49.74,39.76,5.08,9.65,6.82,26.41,25.08,13.41,9.08,1
67.98,28.24,42.80,8.65,26.95,14.53,20.03,43.85,144.39,69.63,83.60,8.34,13.67,10.23,51.05,51.25,24.98,10.90,1
19.42,10.35,18.21,3.15,9.47,7.26,11.18,23.88,78.86,34.81,57.09,5.80,9.65,7.67,29.05,34.90,14.02,8.17,1
14.94,8.47,12.75,3.93,8.01,5.94,12.11,24.31,83.30,36.73,42.82,4.72,8.04,6.82,25.53,26.17,10.97,7.27,1
29.88,13.18,20.94,3.15,8.74,5.28,7.92,19.10,62.20,32.14,38.74,3.99,8.04,6.82,20.24,20.72,10.97,8.17,1
30.63,15.06,22.76,3.15,8.01,4.62,7.45,19.97,65.53,36.35,44.86,4.35,8.85,6.82,22.89,22.90,13.41,9.08,1
32.87,14.12,20.03,4.72,13.11,6.60,11.18,23.44,75.53,38.26,44.86,4.72,8.85,6.82,25.53,25.08,12.80,8.17,1
14.94,6.59,8.19,3.15,5.10,3.96,8.38,20.41,66.64,32.14,28.54,3.99,8.04,5.97,15.84,16.36,8.53,8.17,1
17.18,9.41,17.30,3.15,8.74,7.26,9.32,19.97,65.53,29.84,46.89,5.08,8.04,6.82,22.89,27.26,11.58,8.17,1
31.37,15.06,24.58,5.50,13.84,9.24,12.11,27.79,89.97,37.88,48.93,5.44,9.65,7.67,26.41,31.62,13.41,9.08,1
26.15,11.30,16.39,4.72,12.38,5.94,15.37,30.39,98.85,44.38,49.95,5.80,9.65,7.67,31.69,31.62,14.62,8.17,1
31.37,13.18,18.21,4.72,11.66,6.60,11.18,25.18,81.08,37.11,41.80,5.08,8.85,7.67,23.77,26.17,12.19,9.08,1
29.88,11.30,12.75,3.93,8.01,3.96,9.78,24.75,82.19,44.00,38.74,4.35,8.85,6.82,23.77,21.81,12.19,9.08,1
47.81,19.77,27.32,7.08,18.21,9.90,15.84,36.03,117.74,52.41,60.15,6.53,11.26,8.52,36.09,39.26,17.67,9.99,1
47.81,20.71,30.05,4.72,13.11,7.26,11.18,27.79,89.97,46.29,51.99,5.44,10.45,7.67,29.93,30.53,16.45,9.99,1
69.47,27.30,36.42,10.22,26.23,11.22,20.49,46.45,151.06,72.69,76.46,7.98,13.67,10.23,48.41,46.89,23.77,10.90,1
62.00,24.47,32.78,9.44,24.04,11.22,20.96,46.89,151.06,68.10,70.34,7.98,13.67,10.23,45.77,47.98,21.94,10.90,1
63.50,25.41,33.69,9.44,24.04,11.22,20.03,45.15,145.50,68.48,70.34,7.62,12.87,9.38,45.77,44.71,21.94,10.90,1
90.39,37.65,61.01,9.44,29.87,15.19,19.10,46.02,149.95,73.84,84.61,8.34,14.47,10.23,51.05,51.25,26.81,11.81,1
231.57,93.18,154.79,30.66,83.77,50.84,54.96,131.55,482.05,171.78,213.07,24.30,40.21,26.42,139.95,164.67,70.69,25.43,1
247.26,93.18,139.31,30.66,93.25,40.94,58.69,135.89,475.39,204.68,232.44,23.58,37.79,24.72,160.20,151.58,81.65,23.61,1
68.72,28.24,38.24,10.22,29.14,12.55,33.54,70.77,227.70,110.57,113.16,11.97,16.89,11.93,78.34,73.06,36.56,12.71,1
50.80,20.71,29.14,8.65,21.85,11.22,30.28,63.39,206.59,90.67,93.79,10.88,16.08,11.93,66.02,67.61,29.25,11.81,1
57.52,20.71,24.58,6.29,15.30,6.60,13.97,38.64,125.51,75.37,59.13,6.17,12.06,8.52,39.61,32.71,21.33,10.90,1
90.39,32.94,39.15,11.79,22.58,11.22,21.89,61.65,198.82,96.79,78.50,9.79,18.49,11.93,52.81,55.62,29.86,14.53,1
101.59,38.59,46.44,10.22,24.77,11.22,20.03,59.05,192.15,108.65,89.71,9.43,18.49,11.93,58.97,53.43,34.73,14.53,1
91.88,35.77,42.80,11.01,21.85,11.22,20.96,61.65,201.04,103.68,83.60,9.79,19.30,12.79,55.45,55.62,32.30,15.44,1
174.80,67.77,86.50,22.80,44.44,25.09,34.00,94.65,324.33,149.97,134.57,15.96,29.75,18.75,90.66,103.60,53.01,20.89,1
403.38,168.48,296.84,46.39,153.71,81.21,63.35,161.51,646.44,255.95,324.19,30.83,55.48,36.65,223.57,242.09,119.44,34.51,1
233.06,93.18,164.81,26.73,96.16,54.80,54.03,122.87,468.72,185.17,267.10,24.66,39.40,27.28,172.52,191.93,81.05,24.52,1
144.17,60.24,107.44,16.51,61.92,38.30,41.92,91.61,342.10,135.05,203.89,18.86,28.95,21.31,126.75,142.86,57.89,18.16,1
112.05,48.95,86.50,14.15,49.54,34.33,38.66,83.79,307.67,115.16,182.48,17.41,25.73,19.60,109.15,129.77,48.75,17.26,1
108.32,47.06,85.59,11.79,45.17,27.07,25.62,61.22,212.15,100.62,148.84,11.97,20.10,14.49,88.02,81.79,42.05,14.53,1
77.69,33.89,56.45,6.29,18.94,10.56,13.97,37.34,126.62,65.42,78.50,7.25,13.67,10.23,44.01,44.71,24.98,11.81,1
91.13,38.59,59.19,7.86,21.13,12.55,16.30,45.59,156.61,75.75,85.63,8.71,16.89,11.93,51.05,54.52,29.25,13.62,1
97.86,41.42,61.01,7.86,22.58,12.55,16.30,45.15,155.50,81.11,91.75,8.34,16.89,11.93,53.69,53.43,31.08,13.62,1
255.47,100.71,170.27,31.45,80.13,52.82,47.51,122.00,452.06,163.74,195.73,22.49,40.21,26.42,128.51,170.12,68.86,26.34,1
468.37,189.19,326.89,59.76,181.39,101.02,73.13,187.56,788.61,294.97,380.26,35.91,67.55,42.62,261.42,274.81,140.76,39.05,1
520.66,210.84,360.58,69.98,218.54,115.55,89.43,222.72,985.20,350.83,468.95,43.16,82.02,51.14,326.56,335.87,177.93,46.32,1
506.47,205.19,342.37,71.55,221.46,113.57,95.95,235.75,1032.96,365.36,476.08,45.34,84.43,52.00,339.76,340.24,185.86,48.13,1
220.37,89.42,124.75,26.73,97.62,28.39,60.08,133.72,442.06,244.09,243.65,21.40,32.97,21.31,176.04,129.77,92.62,21.80,1
45.57,17.88,20.03,5.50,10.93,5.94,13.04,39.07,126.62,68.48,48.93,6.17,12.87,8.52,31.69,29.44,18.28,10.90,1
179.28,69.65,88.32,22.02,56.09,19.81,34.00,94.65,306.56,170.63,147.82,14.51,25.73,17.05,101.22,88.33,57.28,19.07,1
271.16,107.30,156.61,36.96,101.99,46.22,57.76,145.88,522.04,231.84,238.55,24.66,42.62,27.28,164.60,161.39,89.58,27.25,1
278.63,110.13,164.81,36.17,99.80,45.56,54.50,140.23,494.27,223.04,223.26,23.58,41.01,26.42,155.80,153.76,85.92,26.34,1
361.55,144.95,259.51,31.45,116.56,63.39,47.97,125.04,490.94,208.12,270.15,23.94,44.23,28.98,179.56,178.84,95.06,27.25,1
133.71,58.36,112.91,14.94,53.91,38.30,34.93,80.32,304.34,116.30,184.52,17.05,26.54,20.46,109.15,129.77,51.19,17.26,1
104.58,47.06,89.23,12.58,45.17,32.35,32.14,72.94,271.01,104.83,174.33,15.96,24.12,18.75,100.34,125.41,45.70,16.35,1
106.82,48.00,91.06,11.79,45.17,31.69,30.74,69.47,261.02,104.06,174.33,14.87,23.32,17.90,99.46,113.41,45.09,15.44,1
62.75,24.47,30.05,3.93,13.84,4.62,9.78,28.22,93.30,65.80,59.13,5.44,11.26,7.67,36.09,25.08,21.33,10.90,1
32.12,13.18,14.57,3.93,7.28,4.62,9.32,26.48,87.75,48.21,39.76,5.08,11.26,7.67,22.89,22.90,14.02,9.99,1
45.57,16.94,20.03,8.65,10.20,7.92,15.37,40.38,131.06,57.00,47.91,6.89,12.87,9.38,29.05,41.44,16.45,11.81,1
111.30,47.06,79.22,14.94,47.35,21.13,28.41,65.99,218.81,104.44,140.68,11.61,19.30,13.64,88.02,76.33,42.05,14.53,1
191.23,74.36,111.09,25.16,58.28,32.35,39.59,102.46,353.21,140.41,147.82,17.41,30.56,20.46,97.70,115.59,53.01,20.89,1
244.27,93.18,123.83,40.10,93.25,44.24,58.69,151.09,528.70,221.90,215.10,25.03,42.62,26.42,150.52,161.39,82.26,27.25,1
293.57,114.83,149.33,44.03,110.73,45.56,66.14,171.93,603.12,268.95,245.69,28.29,48.25,28.98,177.80,178.84,103.59,31.79,1
55.28,19.77,23.67,10.22,16.75,9.24,21.89,58.18,184.38,83.79,64.23,8.71,15.28,10.23,44.89,50.16,23.16,12.71,1
82.17,30.12,36.42,12.58,28.41,11.22,26.55,67.73,213.26,110.57,93.79,10.16,16.89,11.93,65.14,58.89,32.91,12.71,1
86.65,32.00,39.15,14.15,30.60,12.55,29.34,73.37,232.14,114.77,92.77,11.24,18.49,12.79,68.66,65.43,34.73,13.62,1
192.73,84.71,155.70,22.02,46.62,21.13,17.23,28.65,129.95,71.54,86.65,9.43,13.67,10.23,42.25,45.80,22.55,10.90,2
232.32,101.66,185.75,23.59,55.36,23.11,18.17,30.83,142.17,82.64,101.95,10.16,14.47,10.23,49.29,50.16,26.20,11.81,2
218.12,95.07,173.00,22.80,53.18,21.13,18.17,29.96,136.62,79.96,97.87,9.79,13.67,10.23,47.53,47.98,24.98,10.90,2
107.57,47.06,82.86,14.15,27.68,11.22,14.44,21.71,98.85,55.09,63.21,7.25,9.65,7.67,32.57,32.71,15.23,9.08,2
103.83,41.42,64.65,12.58,19.67,7.92,9.32,18.23,82.19,52.03,46.89,5.44,9.65,6.82,23.77,21.81,12.80,9.08,2
117.28,46.12,73.75,14.15,21.85,9.24,11.18,19.97,88.86,55.47,48.93,6.17,9.65,7.67,24.65,26.17,14.02,9.08,2
156.87,71.54,135.67,13.37,39.34,15.19,10.25,18.23,84.41,58.92,78.50,6.89,11.26,8.52,36.09,31.62,18.89,9.99,2
135.95,62.12,119.28,11.79,25.50,12.55,8.85,16.50,77.75,47.44,59.13,6.17,10.45,8.52,25.53,28.35,15.84,9.99,2
119.52,54.59,98.34,13.37,29.87,13.87,12.11,19.54,85.53,48.97,60.15,6.53,9.65,7.67,28.17,30.53,15.23,9.08,2
64.99,34.83,73.75,7.86,18.21,10.56,8.38,13.02,58.87,32.90,58.11,5.80,8.04,6.82,22.01,26.17,11.58,8.17,2
96.36,43.30,78.31,12.58,25.50,11.88,12.11,19.10,82.19,44.00,54.03,6.53,9.65,7.67,25.53,28.35,13.41,9.08,2
62.75,31.06,58.28,11.01,18.21,9.90,11.18,16.50,77.75,40.55,44.86,5.80,8.85,6.82,22.89,25.08,10.36,8.17,2
131.47,50.83,80.13,13.37,21.85,8.58,9.78,19.10,87.75,59.68,49.95,5.80,10.45,6.82,25.53,23.99,14.62,9.08,2
112.80,53.65,104.71,10.22,22.58,11.22,7.92,14.76,67.75,41.70,56.07,5.44,9.65,7.67,22.89,25.08,14.02,9.08,2
76.94,40.47,86.50,8.65,21.13,11.88,8.85,13.89,63.31,35.58,61.17,6.17,8.85,6.82,23.77,28.35,12.80,8.17,2
109.06,49.89,91.97,12.58,30.60,11.88,13.04,19.10,83.30,50.50,65.24,6.53,9.65,7.67,31.69,32.71,15.23,9.08,2
117.28,45.18,70.11,12.58,20.40,7.92,9.78,19.10,86.64,56.62,46.89,5.80,9.65,7.67,24.65,23.99,13.41,9.99,2
67.98,32.00,61.01,10.22,18.94,9.24,10.71,16.50,76.64,42.47,46.89,5.44,8.85,6.82,23.77,25.08,10.97,8.17,2
128.48,60.24,114.73,10.22,25.50,11.22,8.38,15.63,71.09,46.29,59.13,5.80,9.65,7.67,25.53,26.17,15.23,9.08,2
40.34,23.53,53.72,5.50,11.66,7.26,6.52,10.42,45.54,24.87,42.82,5.08,8.04,6.82,14.96,19.63,8.53,8.17,2
53.04,27.30,54.63,7.08,16.03,7.92,7.92,12.16,51.09,29.46,42.82,4.72,7.24,5.97,17.60,18.54,9.14,8.17,2
44.82,20.71,35.51,7.08,11.66,5.94,7.45,11.72,52.20,28.69,31.60,3.99,7.24,5.97,14.08,15.27,7.31,8.17,2
76.94,34.83,60.10,15.73,19.67,15.19,13.04,21.71,95.52,37.49,43.84,7.25,11.26,8.52,20.24,37.08,10.97,9.99,2
203.18,91.30,172.09,22.80,48.81,24.43,18.17,30.39,141.06,71.93,92.77,10.52,15.28,11.08,44.89,53.43,23.77,11.81,2
192.73,86.60,162.99,19.66,46.62,20.47,16.30,26.05,119.96,69.63,91.75,9.07,12.87,9.38,43.13,45.80,22.55,10.90,2
185.26,82.83,155.70,19.66,45.17,20.47,16.30,26.48,121.07,67.72,86.65,9.07,12.87,9.38,42.25,45.80,21.94,10.90,2
180.77,80.95,151.15,21.23,44.44,21.79,17.70,28.65,128.84,66.95,85.63,9.79,13.67,10.23,41.37,47.98,21.33,11.81,2
147.91,64.01,112.91,15.73,35.70,11.88,13.04,21.71,96.63,59.68,68.30,6.89,10.45,7.67,34.33,30.53,17.67,9.99,2
115.04,46.12,73.75,13.37,22.58,9.24,10.71,19.97,88.86,53.56,48.93,6.17,10.45,7.67,25.53,27.26,13.41,9.99,2
104.58,42.36,68.29,11.79,21.13,9.24,8.85,16.50,73.31,47.82,45.88,5.44,9.65,6.82,22.89,22.90,12.80,9.08,2
100.85,48.00,94.70,8.65,19.67,9.24,6.99,13.02,58.87,38.26,51.99,5.08,8.85,6.82,21.13,21.81,12.80,8.17,2
54.53,30.12,64.65,6.29,15.30,8.58,6.99,10.85,48.87,28.31,49.95,5.08,7.24,5.97,18.48,20.72,9.75,7.27,2
64.99,31.06,58.28,8.65,18.94,8.58,9.78,14.33,63.31,35.20,45.88,5.08,8.04,6.82,21.13,21.81,10.36,8.17,2
75.45,30.12,46.44,8.65,14.57,6.60,7.45,13.89,62.20,40.94,37.72,4.35,8.04,5.97,18.48,16.36,9.75,8.17,2
104.58,47.06,87.41,8.65,20.40,8.58,7.45,13.46,59.98,40.55,49.95,5.08,8.85,6.82,21.13,20.72,12.80,8.17,2
50.80,27.30,56.45,6.29,15.30,8.58,7.45,11.29,48.87,27.93,45.88,4.72,7.24,5.97,17.60,19.63,9.14,7.27,2
72.46,32.94,60.10,11.01,18.94,9.24,11.64,16.93,77.75,41.32,47.91,5.80,8.04,6.82,23.77,25.08,10.97,8.17,2
74.70,29.18,45.53,9.44,13.84,6.60,7.92,14.76,65.53,40.94,35.68,4.72,8.04,5.97,17.60,17.45,9.75,8.17,2
102.34,46.12,85.59,9.44,21.13,9.24,7.92,13.89,62.20,40.17,49.95,5.08,8.85,6.82,22.01,21.81,12.80,8.17,2
65.74,34.83,72.84,7.86,18.94,11.22,8.85,13.46,59.98,32.52,54.03,5.80,8.04,6.82,22.01,28.35,10.97,8.17,2
82.17,37.65,69.20,11.01,22.58,9.90,11.64,17.37,77.75,44.00,53.01,6.17,8.85,6.82,26.41,28.35,12.80,9.08,2
106.07,41.42,63.74,12.58,18.21,7.92,9.32,18.67,83.30,50.50,42.82,5.80,9.65,6.82,22.01,21.81,12.19,9.08,2
233.06,102.60,188.48,21.23,51.72,20.47,14.44,26.05,121.07,76.90,91.75,8.71,13.67,9.38,44.01,43.62,24.37,10.90,2
97.86,47.06,91.06,9.44,17.48,9.90,7.45,13.89,63.31,36.73,47.91,5.44,9.65,7.67,19.36,23.99,12.19,9.08,2
133.71,59.30,106.53,14.15,34.24,12.55,13.51,20.41,89.97,55.47,69.32,6.89,9.65,7.67,33.45,31.62,17.06,9.08,2
62.75,32.00,61.92,9.44,18.94,9.90,10.71,14.76,67.75,35.20,49.95,5.80,8.04,6.82,22.89,27.26,10.97,8.17,2
42.58,23.53,49.17,9.44,13.84,9.90,9.32,13.89,66.64,32.90,35.68,4.72,7.24,5.97,16.72,18.54,7.92,7.27,2
73.95,32.94,59.19,12.58,19.67,9.90,11.18,18.23,78.86,39.79,45.88,5.80,8.85,6.82,22.01,26.17,10.97,8.17,2
106.82,48.95,91.06,8.65,20.40,7.92,6.99,12.59,56.65,40.55,50.97,4.72,8.04,6.82,21.13,19.63,12.80,8.17,2
109.06,49.89,91.97,9.44,20.40,9.24,7.45,14.33,65.53,40.94,49.95,5.44,9.65,7.67,21.13,22.90,12.80,9.08,2
85.16,40.47,75.58,7.08,15.30,6.60,6.06,10.85,48.87,33.67,42.82,4.35,8.04,6.82,17.60,17.45,10.97,8.17,2
89.64,42.36,81.04,7.86,16.03,7.92,6.52,12.16,54.43,34.81,43.84,4.72,8.85,6.82,17.60,20.72,11.58,9.08,2
82.17,32.00,48.26,8.65,13.11,5.94,7.45,13.89,62.20,41.70,36.70,4.35,8.85,5.97,17.60,15.27,9.75,8.17,2
73.21,33.89,61.92,10.22,20.40,9.90,9.78,15.20,65.53,35.58,46.89,5.44,8.04,6.82,21.13,22.90,10.97,8.17,2
51.54,30.12,62.83,7.08,15.30,9.90,7.92,12.59,56.65,28.31,50.97,5.80,8.04,6.82,19.36,26.17,9.75,8.17,2
99.35,45.18,84.68,14.15,26.95,14.53,13.04,20.41,89.97,43.61,57.09,7.25,10.45,7.67,26.41,34.90,13.41,9.99,2
92.63,41.42,75.58,11.79,24.04,11.22,12.58,18.67,87.75,50.50,57.09,6.17,8.85,6.82,29.93,28.35,14.02,8.17,2
94.12,38.59,63.74,11.01,19.67,8.58,9.78,16.93,73.31,42.47,43.84,5.44,9.65,6.82,21.13,22.90,11.58,9.08,2
59.01,22.59,34.60,7.86,10.20,5.94,6.99,12.59,56.65,35.96,30.58,3.99,8.04,5.97,14.08,13.09,7.92,8.17,2
86.65,37.65,63.74,14.15,21.85,11.88,13.04,20.84,89.97,41.32,45.88,6.53,10.45,7.67,22.89,29.44,11.58,9.08,2
50.05,28.24,55.54,6.29,15.30,8.58,7.92,12.16,53.31,29.08,45.88,5.44,8.04,6.82,18.48,23.99,9.14,8.17,2
40.34,24.47,47.35,8.65,13.11,9.24,8.85,12.59,59.98,27.16,40.78,4.35,7.24,5.97,16.72,17.45,7.92,7.27,2
62.00,28.24,50.08,8.65,16.03,7.92,7.45,13.02,56.65,32.52,38.74,4.72,8.04,6.82,17.60,19.63,9.14,8.17,2
97.86,44.24,81.95,8.65,18.94,8.58,7.45,13.46,59.98,38.64,47.91,5.08,8.85,6.82,20.24,20.72,12.19,8.17,2
62.00,28.24,51.90,10.22,16.03,9.24,10.71,16.06,73.31,36.73,40.78,5.44,8.04,6.82,20.24,21.81,9.75,8.17,2
82.92,34.83,59.19,10.22,18.94,8.58,9.78,16.06,73.31,45.53,45.88,5.08,8.04,5.97,22.89,19.63,11.58,8.17,2
51.54,20.71,32.78,7.08,9.47,5.94,6.52,11.29,51.09,33.28,30.58,3.99,7.24,5.97,13.20,12.00,7.31,7.27,2
115.04,48.00,80.13,12.58,25.50,9.90,10.25,17.80,77.75,48.59,50.97,5.80,9.65,6.82,25.53,25.08,13.41,9.08,2
92.63,44.24,84.68,8.65,18.21,8.58,6.99,13.02,57.76,35.96,46.89,5.08,8.85,6.82,19.36,20.72,11.58,8.17,2
43.33,26.36,51.90,6.29,13.84,7.92,7.45,11.29,49.98,26.78,44.86,5.08,7.24,5.97,17.60,20.72,8.53,7.27,2
70.22,31.06,54.63,9.44,18.21,7.92,9.32,14.33,63.31,37.88,43.84,4.72,7.24,5.97,21.13,19.63,10.36,7.27,2
134.46,59.30,106.53,14.15,32.05,12.55,12.11,19.97,87.75,53.18,63.21,6.53,10.45,7.67,30.81,31.62,16.45,9.99,2
359.31,152.48,278.63,44.82,82.32,42.26,31.67,54.27,259.91,117.07,143.74,17.77,24.93,16.20,72.18,91.60,38.39,17.26,2
452.68,189.19,343.28,51.89,104.17,49.52,36.33,61.22,299.89,146.53,173.31,20.31,28.14,18.75,90.66,109.05,48.14,19.07,2
577.43,240.96,444.35,59.76,132.58,57.44,39.12,67.73,338.77,177.52,219.18,22.49,31.36,20.46,112.67,122.14,60.33,20.89,2
752.23,314.38,587.30,83.35,176.29,81.87,52.63,91.17,472.05,220.37,275.25,31.19,43.42,27.28,145.24,164.67,79.22,27.25,2
389.93,152.48,249.49,37.74,70.66,23.77,22.82,46.89,207.70,143.85,118.26,13.06,20.10,12.79,64.26,58.89,39.00,15.44,2
234.56,89.42,139.31,22.80,38.61,13.21,14.44,30.39,135.51,98.32,73.40,8.34,13.67,9.38,39.61,35.99,23.77,11.81,2
372.01,151.54,256.78,42.46,83.05,30.37,32.14,55.57,251.02,141.17,137.63,15.96,22.52,14.49,74.82,76.33,40.83,16.35,2
235.31,99.77,180.29,27.52,59.01,23.77,27.95,40.38,192.15,100.62,126.41,13.78,16.89,11.93,66.02,70.88,31.08,12.71,2
395.91,171.31,332.35,40.10,99.80,46.22,34.47,51.66,268.79,131.99,200.83,19.59,24.93,17.90,100.34,121.05,46.92,17.26,2
500.49,209.90,384.25,55.04,109.27,52.82,32.60,59.48,303.23,150.35,177.38,20.31,29.75,19.60,91.54,107.96,50.58,19.98,2
356.32,145.89,250.40,33.81,67.75,26.41,20.49,39.51,186.60,114.39,114.18,12.33,19.30,12.79,58.97,64.34,34.73,15.44,2
347.36,143.07,247.67,33.81,69.93,26.41,20.96,40.38,187.71,114.39,117.24,12.33,19.30,12.79,60.73,62.16,34.73,14.53,2
460.15,189.19,335.99,44.03,108.54,34.33,36.33,58.61,272.13,163.74,182.48,17.77,23.32,15.34,97.70,90.51,51.80,16.35,2
330.17,132.72,224.91,30.66,72.85,19.81,23.75,42.11,187.71,135.82,132.53,11.97,16.89,11.08,73.06,55.62,38.39,12.71,2
304.03,120.48,197.59,35.38,59.74,23.11,22.36,43.85,198.82,121.66,106.02,12.69,19.30,11.93,58.09,59.98,32.91,14.53,2
287.60,118.60,201.23,22.80,52.45,19.81,14.44,27.35,131.06,94.88,93.79,9.43,15.28,11.08,47.53,49.07,28.03,13.62,2
372.01,164.72,325.07,28.31,69.93,30.37,16.77,31.69,161.05,99.47,136.61,11.61,18.49,12.79,61.62,62.16,35.95,13.62,2
304.03,131.78,247.67,25.95,77.95,23.77,24.69,36.90,168.83,110.57,149.86,12.33,16.08,11.08,75.70,64.34,36.56,12.71,2
466.13,206.13,417.03,28.31,91.06,29.71,16.77,31.69,161.05,118.22,171.27,11.61,19.30,12.79,77.46,61.07,44.48,14.53,2
256.97,109.19,194.86,24.37,42.98,19.81,14.44,28.65,138.84,79.19,87.67,9.79,16.08,11.08,40.49,46.89,24.98,12.71,2
357.81,143.07,239.47,32.24,57.55,22.45,17.70,37.34,176.60,116.30,105.00,11.61,19.30,11.93,53.69,54.52,33.51,15.44,2
388.44,163.78,296.84,40.89,84.50,40.28,27.95,48.19,235.47,125.10,142.72,16.32,23.32,15.34,73.94,87.24,40.22,16.35,2
439.98,194.84,397.91,37.74,105.63,51.50,27.01,44.28,242.14,127.40,202.87,18.14,24.12,17.90,95.06,109.05,47.53,16.35,2
310.01,144.01,307.77,27.52,75.76,40.28,21.43,34.30,189.93,97.18,182.48,14.87,19.30,14.49,78.34,92.69,37.17,13.62,2
203.93,96.01,200.32,19.66,50.99,27.73,16.30,26.48,131.06,69.63,113.16,10.88,14.47,11.08,49.29,59.98,24.98,11.81,2
177.79,79.07,147.51,17.30,39.34,15.19,12.11,22.58,103.30,61.60,75.44,7.62,12.06,8.52,35.21,34.90,19.50,10.90,2
124.75,48.00,74.67,11.01,18.94,7.26,7.92,16.06,75.53,54.33,43.84,5.08,9.65,5.97,22.01,19.63,13.41,9.08,2
88.89,35.77,56.45,11.01,17.48,7.26,9.32,16.93,75.53,45.91,41.80,5.08,8.85,6.82,21.13,20.72,11.58,8.17,2
136.70,56.48,93.79,23.59,31.32,19.81,19.10,32.13,143.28,60.83,61.17,9.79,14.47,10.23,32.57,47.98,16.45,11.81,2
349.60,152.48,289.55,31.45,70.66,31.03,18.17,35.17,175.49,101.77,127.43,12.33,19.30,13.64,59.85,65.43,34.12,14.53,2
346.61,148.72,279.54,36.17,68.48,37.64,23.29,41.68,207.70,101.77,124.37,14.51,21.71,14.49,59.85,78.52,34.12,15.44,2
459.41,194.84,368.77,44.82,108.54,46.88,32.60,53.84,268.79,143.85,189.62,18.50,25.73,17.05,95.06,100.33,49.36,17.26,2
463.89,196.72,366.95,47.96,109.27,48.86,33.07,56.01,277.68,145.38,183.50,18.86,26.54,17.90,93.30,101.42,49.36,17.26,2
457.91,192.96,354.20,47.96,105.63,46.22,32.14,55.57,271.01,144.23,174.33,18.50,26.54,17.90,88.90,98.14,47.53,18.16,2
475.09,199.55,366.95,46.39,108.54,44.24,30.74,53.84,263.24,147.68,179.42,17.77,24.93,17.05,90.66,93.78,49.36,17.26,2
419.81,176.96,318.69,44.82,96.16,40.94,28.41,50.80,246.58,135.05,157.00,16.68,24.12,15.34,80.10,85.06,43.26,16.35,2
196.46,76.24,121.10,18.08,31.32,11.88,11.64,24.31,112.18,78.43,65.24,7.25,12.87,8.52,33.45,31.62,20.11,10.90,2
178.53,69.65,109.27,16.51,28.41,9.90,10.71,22.14,102.19,73.07,60.15,6.89,12.06,7.67,30.81,28.35,18.28,9.99,2
147.16,68.71,134.76,18.08,40.07,23.77,16.77,25.18,121.07,57.00,85.63,9.79,12.87,10.23,38.73,52.34,18.89,9.99,2
136.70,64.95,132.03,14.15,36.42,18.49,13.04,19.97,93.30,52.41,81.56,7.98,11.26,8.52,35.21,40.35,18.28,9.08,2
146.41,69.65,145.69,16.51,38.61,23.77,15.37,23.44,114.40,55.47,89.71,9.79,12.87,10.23,38.73,54.52,19.50,10.90,2
206.92,98.83,212.16,21.23,51.72,30.37,17.70,27.79,145.50,71.16,129.47,12.33,16.08,11.93,54.57,71.97,26.81,11.81,2
232.32,110.13,236.74,24.37,56.82,34.99,19.56,31.26,164.39,76.90,139.67,13.42,17.69,13.64,59.85,83.97,29.25,13.62,2
370.51,171.31,370.59,33.81,87.42,50.18,25.15,40.81,231.03,110.18,207.97,17.77,24.12,17.90,91.54,112.32,43.26,15.44,2
142.68,61.18,108.36,11.79,24.77,10.56,8.38,16.50,76.64,50.12,55.05,6.17,10.45,7.67,25.53,26.17,15.23,9.99,2
136.70,58.36,102.89,16.51,34.24,13.87,15.37,23.44,103.30,57.39,67.28,7.62,11.26,8.52,34.33,38.17,17.06,9.99,2
160.61,65.89,112.00,19.66,37.88,15.85,17.23,28.22,123.29,67.72,72.38,8.34,12.06,8.52,36.97,40.35,18.89,9.99,2
808.26,316.26,639.21,80.99,176.29,85.83,31.67,41.24,147.73,87.23,189.62,22.13,36.99,23.01,114.43,158.12,75.56,25.43,3
1048.04,399.09,808.57,91.99,222.19,95.08,34.00,44.28,164.39,104.83,228.36,24.30,41.01,25.57,141.71,175.57,95.06,28.15,3
1024.89,393.44,794.00,90.42,222.91,91.78,34.00,44.72,163.28,105.97,226.32,23.94,40.21,24.72,140.83,170.12,95.06,27.25,3
847.85,332.26,657.42,82.56,193.05,78.57,32.60,43.42,152.17,98.32,193.70,21.76,35.38,22.16,122.35,149.40,82.26,24.52,3
655.12,260.73,500.80,69.19,158.81,60.74,30.74,41.24,138.84,89.91,162.09,18.86,29.75,18.75,102.10,123.23,67.64,20.89,3
1019.66,409.44,823.14,107.72,244.04,95.08,39.59,53.84,188.82,116.30,228.36,26.48,43.42,25.57,146.12,175.57,101.76,29.97,3
216.63,82.83,141.14,22.80,39.34,13.21,10.71,16.06,47.76,45.14,56.07,7.25,12.87,8.52,32.57,35.99,23.77,11.81,3
206.92,79.07,133.85,21.23,37.15,12.55,10.25,15.63,46.65,43.61,54.03,6.89,12.06,8.52,31.69,34.90,22.55,10.90,3
203.18,77.18,130.21,21.23,36.42,12.55,10.25,15.20,45.54,43.23,54.03,6.89,12.06,8.52,30.81,33.81,22.55,10.90,3
194.97,73.42,123.83,20.44,34.24,11.88,10.25,15.20,45.54,41.70,49.95,6.89,12.06,8.52,29.93,33.81,21.33,10.90,3
188.99,71.54,120.19,19.66,33.51,11.88,9.78,14.76,44.43,40.55,49.95,6.53,11.26,7.67,29.05,32.71,20.72,10.90,3
89.64,36.71,67.38,14.15,23.31,10.56,10.71,12.59,37.76,29.08,39.76,5.44,8.85,6.82,23.77,26.17,14.02,8.17,3
59.01,29.18,61.01,12.58,19.67,13.87,9.78,10.85,34.43,24.49,36.70,5.08,8.04,5.97,20.24,21.81,10.97,7.27,3
75.45,33.89,67.38,14.94,23.31,11.88,12.11,13.02,39.99,27.16,42.82,6.17,8.85,6.82,24.65,31.62,13.41,8.17,3
151.64,67.77,142.05,24.37,44.44,27.73,19.10,18.67,61.09,33.28,83.60,11.97,15.28,11.93,45.77,86.15,24.37,11.81,3
324.95,142.13,309.59,36.96,90.33,45.56,25.62,25.62,92.19,53.18,171.27,17.05,21.71,16.20,89.78,129.77,46.31,15.44,3
1031.61,397.21,862.29,103.79,248.41,132.05,41.45,50.36,208.81,105.21,299.72,30.47,50.66,32.39,179.56,251.91,105.42,30.88,3
1558.25,568.52,1192.82,110.08,327.81,132.05,36.80,47.32,189.93,127.40,324.19,28.29,49.86,30.69,208.61,223.55,136.50,31.79,3
770.91,300.26,625.55,61.33,138.41,62.73,21.89,29.52,105.52,72.69,164.13,17.41,30.56,19.60,95.06,124.32,65.81,21.80,3
741.03,284.26,586.39,54.25,126.75,54.80,19.56,26.05,93.30,68.86,153.94,15.23,27.34,17.90,87.14,110.14,60.94,19.98,3
738.78,281.43,577.29,55.83,125.30,56.12,20.03,26.92,96.63,68.86,149.86,15.96,28.14,17.90,87.14,113.41,60.94,20.89,3
705.92,267.32,540.87,56.61,124.57,56.12,22.36,29.52,102.19,68.86,145.78,16.68,28.14,17.90,86.26,111.23,59.72,20.89,3
568.47,215.55,391.54,59.76,123.11,44.24,27.95,39.07,123.29,83.02,129.47,16.68,25.73,16.20,83.62,102.51,56.06,19.98,3
515.43,192.02,342.37,55.83,118.74,37.64,33.54,42.98,126.62,89.14,131.51,16.32,24.12,14.49,85.38,97.05,55.45,18.16,3
351.84,129.89,229.46,40.10,81.59,25.75,30.74,34.73,97.74,73.07,108.06,13.78,18.49,11.93,70.42,79.61,43.87,14.53,3
276.39,102.60,180.29,37.74,64.11,24.43,29.34,32.56,92.19,60.07,90.73,13.42,17.69,11.93,58.97,76.33,35.34,14.53,3
365.28,135.54,239.47,46.39,85.96,29.71,31.67,38.64,112.18,73.84,105.00,14.51,20.10,12.79,70.42,85.06,43.87,16.35,3
357.07,131.78,228.55,47.96,79.40,29.71,29.34,39.07,111.07,71.93,93.79,14.51,20.91,13.64,62.50,80.70,40.22,17.26,3
416.83,153.42,266.79,50.32,90.33,32.35,27.01,37.77,112.18,78.43,101.95,14.51,22.52,13.64,67.78,85.06,45.09,17.26,3
533.36,198.60,350.56,58.97,113.64,40.28,27.95,39.94,122.18,87.23,121.31,16.32,25.73,15.34,80.10,97.05,54.84,19.07,3
605.07,227.78,410.66,63.69,128.94,46.88,27.48,39.51,125.51,89.14,133.55,17.05,27.34,17.05,86.26,105.78,59.72,19.98,3
685.75,263.55,492.61,67.62,149.34,56.12,27.01,37.34,124.40,89.52,152.92,17.77,28.95,17.90,95.94,114.50,65.20,20.89,3
725.34,281.43,545.42,69.19,157.35,63.39,27.48,36.90,126.62,86.08,160.05,18.86,30.56,19.60,100.34,124.32,67.64,21.80,3
563.99,220.25,428.87,55.04,128.21,52.82,26.55,34.73,115.51,73.84,143.74,16.68,25.73,17.05,88.02,115.59,56.06,19.98,3
393.67,151.54,278.63,47.18,96.89,39.62,29.81,36.03,108.85,65.04,111.12,14.87,21.71,14.49,69.54,90.51,42.66,16.35,3
581.91,220.25,409.75,62.12,133.31,52.16,31.21,41.24,133.29,85.70,144.76,18.14,27.34,17.90,92.42,114.50,59.72,19.98,3
267.43,101.66,183.02,33.02,67.75,24.43,23.75,27.35,79.97,52.03,82.58,10.88,15.28,11.08,52.81,64.34,31.08,12.71,3
295.07,118.60,224.91,29.09,66.29,27.73,14.44,19.54,59.98,44.00,78.50,9.43,15.28,10.23,45.77,56.71,29.25,12.71,3
337.64,138.36,282.27,26.73,64.11,27.73,12.58,16.50,52.20,42.08,88.69,9.07,15.28,11.08,47.53,58.89,32.91,12.71,3
200.20,80.95,152.06,21.23,47.35,19.15,12.58,16.06,47.76,34.43,62.19,7.25,11.26,8.52,34.33,41.44,21.33,9.99,3
206.92,80.01,142.05,19.66,39.34,14.53,10.25,14.33,42.21,35.20,56.07,6.53,11.26,8.52,30.81,37.08,20.72,10.90,3
175.55,64.95,109.27,18.87,34.97,13.21,11.18,15.63,45.54,34.43,48.93,6.17,10.45,7.67,29.05,34.90,18.28,9.99,3
186.75,74.36,137.49,17.30,47.35,17.17,14.44,15.20,42.21,34.81,62.19,7.25,10.45,7.67,35.21,43.62,21.33,9.99,3
127.74,55.53,114.73,14.15,35.70,15.85,12.11,12.59,34.43,25.63,63.21,6.53,8.85,7.67,31.69,37.08,18.28,9.08,3
106.07,42.36,76.49,12.58,26.95,9.90,9.78,11.72,32.21,24.10,40.78,5.08,8.04,6.82,22.01,26.17,13.41,8.17,3
84.41,32.94,59.19,12.58,21.13,9.24,10.25,11.72,33.32,22.95,36.70,5.08,8.04,5.97,20.24,26.17,11.58,8.17,3
104.58,40.47,71.93,14.94,26.23,10.56,12.11,13.89,38.88,25.63,41.80,5.80,8.85,6.82,23.77,32.71,14.02,9.08,3
153.14,62.12,112.91,18.08,37.88,17.83,11.64,15.20,42.21,29.84,50.97,6.89,11.26,8.52,28.17,38.17,17.67,10.90,3
184.51,80.01,170.27,14.94,34.97,15.85,7.92,10.42,31.10,27.16,60.15,6.17,10.45,8.52,29.05,37.08,20.11,9.99,3
182.27,79.07,167.54,14.94,34.97,15.85,7.92,10.42,31.10,27.16,60.15,6.17,10.45,7.67,29.05,37.08,20.11,9.99,3
138.94,57.42,110.18,13.37,32.78,13.87,8.85,11.72,32.21,26.02,48.93,5.44,8.85,6.82,24.65,29.44,15.84,9.08,3
82.92,34.83,65.56,8.65,19.67,8.58,6.99,9.12,23.33,19.13,34.66,4.35,7.24,5.97,16.72,19.63,10.97,8.17,3
87.40,35.77,65.56,9.44,20.40,8.58,6.99,9.55,25.55,20.28,34.66,4.35,7.24,5.97,17.60,20.72,10.97,8.17,3
90.39,34.83,60.10,9.44,18.94,6.60,6.52,9.12,25.55,21.42,34.66,3.99,7.24,5.97,16.72,17.45,10.97,8.17,3
71.71,25.41,41.89,7.86,12.38,5.28,5.59,7.81,22.21,20.28,29.56,3.63,7.24,5.97,14.08,15.27,9.14,7.27,3
70.97,25.41,40.97,7.86,12.38,5.28,5.59,7.81,23.33,19.89,28.54,3.99,7.24,5.97,14.08,15.27,9.14,8.17,3
74.70,27.30,43.71,8.65,13.11,5.94,6.06,8.68,25.55,20.66,29.56,3.99,7.24,5.97,14.08,17.45,9.14,8.17,3
80.68,33.89,61.92,9.44,21.13,9.90,8.38,9.99,25.55,19.51,34.66,4.72,8.04,6.82,17.60,22.90,10.97,8.17,3
59.76,28.24,59.19,7.08,17.48,8.58,6.99,7.38,19.99,16.07,37.72,4.35,6.43,5.97,16.72,21.81,9.75,8.17,3
59.76,27.30,52.81,8.65,18.21,8.58,8.85,9.12,23.33,16.83,34.66,4.72,7.24,5.97,16.72,23.99,9.75,8.17,3
51.54,23.53,46.44,9.44,14.57,8.58,7.92,8.68,25.55,17.98,30.58,4.35,7.24,5.97,15.84,20.72,8.53,8.17,3
53.78,23.53,47.35,9.44,15.30,8.58,7.92,8.68,26.66,19.13,30.58,3.99,6.43,5.97,15.84,17.45,9.14,7.27,3
88.89,36.71,70.11,10.22,23.31,10.56,7.92,9.55,25.55,20.28,37.72,4.72,8.04,5.97,19.36,22.90,11.58,8.17,3
88.15,38.59,75.58,7.08,16.03,6.60,5.12,7.38,19.99,18.36,35.68,4.35,7.24,5.97,15.84,16.36,10.97,8.17,3
59.76,26.36,51.90,6.29,10.93,5.94,4.66,6.51,17.77,15.30,29.56,3.63,6.43,5.11,12.32,15.27,8.53,7.27,3
73.21,28.24,50.08,9.44,18.21,6.60,6.52,9.12,26.66,21.04,33.64,3.99,7.24,5.97,16.72,16.36,9.75,7.27,3
85.16,32.00,53.72,9.44,16.75,6.60,6.99,9.99,27.77,21.42,31.60,4.35,8.04,5.97,15.84,17.45,9.75,8.17,3
73.95,29.18,51.90,7.86,14.57,6.60,5.59,7.81,21.10,18.36,30.58,3.99,7.24,5.97,13.20,15.27,9.14,7.27,3
72.46,27.30,46.44,7.08,12.38,5.28,5.12,7.38,21.10,18.75,28.54,3.63,7.24,5.97,13.20,13.09,8.53,7.27,3
59.01,21.65,36.42,6.29,10.20,5.28,5.12,6.95,19.99,17.22,26.51,3.63,7.24,5.11,11.44,12.00,7.92,7.27,3
54.53,20.71,33.69,6.29,10.20,4.62,5.12,7.38,19.99,16.45,25.49,3.63,7.24,5.97,11.44,13.09,7.31,8.17,3
48.56,17.88,30.05,6.29,8.74,4.62,5.12,7.38,19.99,16.07,24.47,3.63,7.24,5.97,10.56,12.00,6.70,8.17,3
49.30,18.83,30.05,5.50,9.47,4.62,5.12,6.95,19.99,16.07,25.49,3.63,7.24,5.97,10.56,12.00,6.70,7.27,3
50.05,18.83,29.14,5.50,8.74,4.62,4.66,6.95,18.88,16.45,24.47,3.26,6.43,5.11,10.56,10.90,6.70,7.27,3
53.04,19.77,31.87,5.50,9.47,4.62,4.66,6.51,18.88,16.83,25.49,3.26,6.43,5.11,10.56,10.90,7.31,7.27,3
60.51,21.65,35.51,7.08,10.20,5.28,5.12,7.81,21.10,17.22,25.49,3.63,7.24,5.97,11.44,15.27,7.92,8.17,3
61.25,25.41,45.53,7.08,14.57,7.26,6.06,7.81,19.99,16.45,29.56,3.63,6.43,5.97,13.20,17.45,8.53,7.27,3
117.28,49.89,101.07,14.15,32.78,16.51,11.64,12.16,33.32,23.72,53.01,6.53,8.85,7.67,27.29,42.53,15.84,9.99,3
85.16,39.53,85.59,12.58,22.58,16.51,9.78,10.42,29.99,17.98,47.91,6.53,8.85,7.67,21.13,43.62,12.80,9.08,3
73.95,33.89,72.84,5.50,15.30,5.94,4.66,6.08,15.55,16.07,34.66,3.26,6.43,5.11,14.96,16.36,10.36,7.27,3
64.24,28.24,56.45,7.08,13.84,7.26,5.59,7.38,19.99,15.69,29.56,3.63,7.24,5.97,13.20,17.45,9.14,7.27,3
75.45,29.18,51.90,10.22,19.67,7.26,8.38,9.99,26.66,19.89,34.66,4.35,7.24,5.97,17.60,21.81,10.36,7.27,3
46.31,16.00,26.41,5.50,8.74,4.62,5.12,6.95,18.88,16.07,23.45,3.26,6.43,5.11,10.56,12.00,6.70,7.27,3
51.54,20.71,35.51,5.50,11.66,5.94,5.12,6.95,17.77,15.30,26.51,3.26,6.43,5.11,11.44,13.09,7.31,7.27,3
34.36,17.88,36.42,4.72,10.93,6.60,5.12,6.08,15.55,12.63,26.51,3.63,6.43,5.11,11.44,15.27,7.31,7.27,3
76.94,32.94,64.65,11.01,20.40,10.56,7.92,9.99,26.66,17.98,35.68,4.72,8.04,5.97,17.60,23.99,10.36,8.17,3
154.63,55.53,91.06,16.51,28.41,11.22,9.78,13.89,41.10,31.37,42.82,5.80,10.45,7.67,24.65,32.71,15.84,9.99,3
263.69,108.24,222.17,26.73,67.75,33.01,17.23,19.10,59.98,39.79,96.85,10.52,14.47,11.08,51.05,69.79,29.86,11.81,3
348.10,130.83,230.37,31.45,75.76,21.79,16.30,23.01,67.75,55.86,86.65,9.07,15.28,10.23,51.93,54.52,34.12,12.71,3
413.84,154.37,271.34,42.46,83.05,29.71,19.10,28.22,84.41,62.74,90.73,11.61,19.30,12.79,56.33,75.24,39.00,16.35,3
425.79,162.84,312.32,44.03,112.19,37.64,33.54,34.73,105.52,68.10,141.70,15.96,20.91,14.49,87.14,101.42,49.36,15.44,3
269.67,103.54,184.84,23.59,53.91,19.81,11.64,16.50,48.87,42.08,69.32,7.62,12.87,9.38,39.61,46.89,26.20,11.81,3
259.96,103.54,200.32,22.02,48.81,19.15,11.18,15.63,45.54,36.73,68.30,7.25,12.06,8.52,36.97,43.62,25.59,11.81,3
306.27,126.13,264.97,29.88,77.95,37.64,19.56,20.84,67.75,44.38,120.30,12.33,16.89,12.79,63.38,89.42,35.95,12.71,3
209.91,78.12,131.12,18.87,43.71,11.22,9.78,14.33,43.32,39.02,57.09,6.17,11.26,7.67,33.45,32.71,21.33,9.99,3
217.38,80.01,134.76,23.59,45.89,18.49,15.37,19.10,54.43,40.55,58.11,7.62,12.06,8.52,35.21,45.80,22.55,10.90,3
262.20,109.19,228.55,29.09,67.75,35.65,20.49,20.84,65.53,40.17,108.06,12.69,16.89,12.79,57.21,87.24,32.30,13.62,3
277.14,115.77,243.12,30.66,69.93,38.96,19.56,21.27,67.75,40.94,111.12,13.06,17.69,13.64,58.09,90.51,33.51,13.62,3
117.28,41.42,68.29,8.65,19.67,5.94,6.06,8.68,24.44,26.02,36.70,3.99,7.24,5.97,19.36,17.45,12.80,8.17,3
103.09,35.77,58.28,12.58,16.75,7.92,7.45,10.85,31.10,24.10,33.64,4.72,8.85,6.82,17.60,25.08,11.58,9.99,3
333.91,128.01,233.10,36.96,78.68,32.35,20.96,26.92,78.86,52.80,89.71,11.24,16.89,11.93,54.57,71.97,33.51,14.53,3
368.27,143.07,267.70,36.96,86.69,34.99,20.49,26.05,77.75,54.71,100.93,11.61,16.89,11.93,58.97,73.06,37.17,13.62,3
377.24,145.89,276.81,36.96,88.15,35.65,20.49,26.05,78.86,54.71,102.96,11.61,17.69,11.93,59.85,73.06,37.78,13.62,3
385.45,149.66,284.09,38.53,90.33,36.98,20.49,26.48,79.97,55.47,105.00,11.97,17.69,11.93,61.62,76.33,38.39,14.53,3
383.96,148.72,282.27,39.31,89.60,37.64,21.43,27.35,82.19,55.09,102.96,12.33,18.49,12.79,61.62,78.52,38.39,14.53,3
263.69,98.83,175.74,30.66,64.11,21.13,23.75,26.48,74.42,50.50,81.56,10.88,15.28,10.23,51.93,65.43,30.47,12.71,3
355.57,129.89,232.19,44.03,81.59,29.71,36.33,39.07,108.85,70.78,113.16,16.32,20.91,13.64,74.82,95.96,45.09,16.35,3
390.68,142.13,254.95,47.96,88.87,32.35,40.52,42.98,118.85,78.81,124.37,18.14,23.32,15.34,81.86,112.32,50.58,18.16,3
408.61,149.66,269.52,47.18,93.97,32.35,40.06,42.11,117.74,80.72,133.55,18.14,22.52,14.49,86.26,105.78,52.41,17.26,3
401.89,149.66,268.61,55.83,99.80,47.54,36.33,40.81,127.73,69.63,116.22,18.14,24.12,16.20,73.06,115.59,43.87,17.26,3
476.59,178.84,328.71,44.82,106.36,36.98,19.10,27.79,85.53,68.86,117.24,12.69,20.91,13.64,72.18,79.61,46.31,16.35,3
234.56,90.36,163.90,16.51,36.42,11.88,7.45,10.85,33.32,33.28,55.05,5.80,11.26,7.67,29.05,30.53,21.33,10.90,3
39.59,16.00,27.32,4.72,8.74,4.62,4.66,6.51,17.77,14.16,23.45,3.26,6.43,5.11,9.68,10.90,6.70,7.27,3
23.90,13.18,22.76,4.72,8.01,4.62,5.59,6.95,17.77,13.01,22.43,3.26,5.63,5.11,9.68,10.90,5.48,6.36,3
23.90,10.35,18.21,3.93,6.56,4.62,4.66,6.08,16.66,12.63,21.41,2.90,5.63,5.11,8.80,8.72,5.48,6.36,3
276.39,109.19,224.00,36.17,120.93,61.40,32.14,33.00,83.30,36.73,60.15,6.89,12.06,10.23,62.50,78.52,41.44,14.53,4
275.64,109.19,223.08,36.17,120.93,61.40,32.14,33.43,83.30,37.11,60.15,6.89,12.87,10.23,63.38,78.52,41.44,14.53,4
265.19,106.36,216.71,35.38,117.28,59.42,32.14,33.00,82.19,36.35,59.13,6.89,12.06,10.23,61.62,77.43,40.22,13.62,4
254.73,103.54,212.16,38.53,118.01,64.71,35.40,36.03,91.08,36.73,58.11,7.62,12.87,11.08,61.62,82.88,39.00,14.53,4
260.70,104.48,212.16,40.89,120.20,66.03,38.19,38.21,95.52,37.11,58.11,7.98,13.67,11.08,64.26,88.33,40.22,15.44,4
245.76,98.83,199.41,39.31,117.28,63.39,37.73,37.34,94.41,37.11,59.13,7.62,12.87,11.08,64.26,86.15,40.22,14.53,4
163.59,64.95,125.66,23.59,81.59,29.05,30.28,28.65,62.20,32.14,42.82,5.08,8.85,7.67,48.41,51.25,29.86,10.90,4
80.68,31.06,57.36,15.73,41.52,19.15,21.43,19.97,43.32,21.42,27.53,3.99,6.43,5.97,29.93,37.08,17.67,9.08,4
75.45,30.12,56.45,14.94,40.79,19.15,21.89,19.97,42.21,21.04,27.53,3.99,7.24,6.82,29.93,40.35,17.67,9.99,4
94.12,38.59,72.84,24.37,50.99,31.69,30.74,29.09,65.53,24.10,31.60,5.44,8.85,7.67,35.21,54.52,21.33,10.90,4
123.26,49.89,87.41,18.08,48.81,21.13,15.37,18.67,43.32,26.02,27.53,3.63,8.04,6.82,28.17,34.90,20.11,10.90,4
45.57,17.88,29.14,7.08,16.03,7.92,7.45,9.12,19.99,14.54,18.35,2.18,5.63,5.11,13.20,14.18,9.14,8.17,4
55.28,21.65,36.42,7.86,18.94,9.24,7.92,9.99,21.10,15.69,19.37,2.18,5.63,5.11,14.96,16.36,10.97,8.17,4
138.20,61.18,118.37,25.95,69.21,39.62,25.15,26.05,61.09,27.55,35.68,5.08,8.85,7.67,36.97,53.43,24.37,11.81,4
41.09,20.71,47.35,6.29,25.50,13.87,9.78,9.12,19.99,12.24,25.49,2.90,5.63,5.11,20.24,28.35,12.19,8.17,4
8.22,12.24,16.39,10.22,8.74,7.92,6.99,23.88,94.41,36.73,17.33,2.54,14.47,6.82,8.80,9.81,4.87,8.17,4
82.17,40.47,97.43,13.37,48.81,31.03,17.70,15.20,35.54,17.22,41.80,4.35,7.24,6.82,35.21,53.43,20.72,9.08,4
66.48,32.00,73.75,11.79,40.79,24.43,16.30,13.89,31.10,16.07,33.64,3.99,6.43,5.97,29.05,41.44,17.06,9.08,4
41.83,21.65,49.17,6.29,18.94,11.88,6.99,7.81,16.66,11.86,20.39,2.18,4.82,5.11,13.20,18.54,9.75,8.17,4
73.21,35.77,84.68,9.44,29.87,17.83,8.38,9.55,21.10,14.16,24.47,2.54,5.63,5.97,19.36,25.08,14.62,9.08,4
297.31,130.83,295.93,45.60,131.85,86.50,36.33,36.90,97.74,35.96,62.19,8.34,16.08,13.64,66.90,111.23,45.70,18.16,4
481.82,200.49,427.96,119.51,247.68,219.21,77.32,77.71,257.69,64.66,106.02,17.77,36.19,27.28,126.75,261.72,82.87,35.42,4
750.74,269.20,550.88,92.78,319.80,155.16,69.87,70.77,211.04,77.28,125.39,15.60,27.34,20.46,158.44,188.66,107.25,27.25,4
529.62,195.78,396.09,81.77,243.31,130.07,70.33,69.90,193.26,65.80,98.89,14.51,24.12,18.75,124.11,164.67,81.65,24.52,4
519.91,195.78,403.37,82.56,244.04,138.66,68.47,67.29,195.49,65.04,102.96,14.87,24.93,19.60,127.63,176.66,82.26,25.43,4
569.96,215.55,455.28,85.70,269.54,148.56,68.93,67.73,202.15,67.33,114.18,15.23,26.54,20.46,139.95,188.66,90.19,26.34,4
549.79,208.02,439.80,80.20,261.52,137.34,67.07,65.56,191.04,65.80,111.12,14.51,24.93,19.60,135.55,186.48,87.75,26.34,4
181.52,75.30,162.08,31.45,99.07,60.74,41.45,34.30,85.53,30.61,63.21,8.34,12.06,11.08,64.26,95.96,35.95,13.62,4
136.70,58.36,130.21,23.59,75.76,47.54,31.67,26.05,63.31,24.49,57.09,6.89,9.65,9.38,53.69,81.79,29.25,11.81,4
155.38,66.83,150.24,25.95,86.69,53.48,33.54,27.79,69.98,26.78,61.17,7.25,10.45,10.23,58.97,88.33,32.91,12.71,4
206.17,85.65,168.45,26.73,101.26,32.35,24.22,27.79,63.31,36.73,47.91,4.72,9.65,7.67,54.57,49.07,34.73,12.71,4
104.58,40.47,69.20,14.94,39.34,15.85,13.04,16.06,35.54,25.63,24.47,2.90,7.24,5.97,23.77,26.17,17.67,9.99,4
92.63,35.77,61.92,15.73,34.24,16.51,13.51,16.50,36.65,23.34,23.45,3.26,7.24,5.97,22.01,27.26,16.45,9.99,4
114.29,45.18,78.31,17.30,43.71,19.15,14.44,18.23,39.99,26.78,25.49,3.26,7.24,5.97,26.41,29.44,19.50,9.99,4
121.76,48.95,85.59,27.52,47.35,31.69,20.96,26.05,57.76,28.31,26.51,4.72,10.45,7.67,28.17,46.89,20.72,13.62,4
152.39,63.06,110.18,21.23,63.38,23.77,19.10,23.01,51.09,32.90,30.58,3.99,8.04,6.82,34.33,38.17,24.98,10.90,4
84.41,34.83,61.01,16.51,37.88,18.49,15.37,18.67,42.21,22.57,25.49,3.26,7.24,5.97,23.77,29.44,15.23,9.99,4
94.12,38.59,68.29,14.94,41.52,17.17,14.44,17.37,38.88,23.34,25.49,3.26,7.24,5.97,24.65,27.26,16.45,9.08,4
97.86,40.47,74.67,21.23,42.25,37.64,18.17,19.54,46.65,22.57,27.53,4.35,8.85,7.67,24.65,50.16,17.06,11.81,4
126.24,51.77,103.80,11.01,48.08,15.85,10.71,12.16,27.77,20.66,29.56,2.90,6.43,5.97,26.41,22.90,18.89,8.17,4
50.80,21.65,40.97,6.29,19.67,8.58,6.99,8.68,17.77,13.01,19.37,2.18,4.82,5.11,14.08,14.18,9.75,7.27,4
34.36,14.12,24.58,4.72,13.11,7.26,6.06,7.81,16.66,11.86,17.33,2.18,4.82,5.11,10.56,12.00,7.31,7.27,4
38.10,16.00,28.23,5.50,14.57,7.92,6.99,8.25,17.77,12.24,17.33,2.18,4.82,5.11,11.44,13.09,7.92,8.17,4
41.83,16.94,30.96,5.50,14.57,7.92,6.52,7.81,16.66,12.24,17.33,2.18,4.82,5.11,11.44,13.09,7.92,7.27,4
41.09,16.94,30.05,5.50,16.03,7.26,7.45,8.25,17.77,12.63,18.35,2.18,4.82,4.26,11.44,13.09,7.92,7.27,4
31.37,14.12,30.05,4.72,15.30,8.58,6.52,7.38,14.44,10.71,19.37,2.18,4.82,4.26,11.44,13.09,7.31,7.27,4
28.39,12.24,24.58,4.72,13.11,7.26,6.52,7.38,15.55,11.09,18.35,2.18,4.82,4.26,10.56,12.00,6.70,6.36,4
23.90,11.30,21.85,3.93,12.38,6.60,6.06,6.95,14.44,10.33,18.35,2.18,4.02,4.26,9.68,10.90,6.09,6.36,4
23.90,10.35,20.03,4.72,11.66,7.26,6.52,7.38,15.55,10.33,18.35,2.18,4.82,4.26,9.68,12.00,6.09,7.27,4
24.65,11.30,20.94,3.93,11.66,6.60,6.06,6.95,14.44,10.33,17.33,2.18,4.82,4.26,9.68,10.90,6.09,7.27,4
25.40,11.30,21.85,3.93,11.66,6.60,6.52,6.95,14.44,10.33,17.33,2.18,4.82,4.26,9.68,10.90,6.09,7.27,4
16.43,8.47,15.48,3.93,9.47,6.60,6.06,6.95,14.44,9.95,17.33,2.54,4.82,5.11,7.92,9.81,5.48,7.27,4
17.18,8.47,16.39,3.15,9.47,5.94,6.06,6.51,14.44,9.95,18.35,2.18,4.02,4.26,7.92,8.72,5.48,6.36,4
30.63,13.18,24.58,5.50,15.30,8.58,7.92,8.68,18.88,11.48,19.37,2.54,4.82,4.26,11.44,14.18,6.70,7.27,4
61.25,24.47,44.62,10.22,26.23,14.53,11.64,13.02,28.88,15.30,22.43,2.90,5.63,5.97,16.72,23.99,10.97,9.08,4
71.71,24.47,40.06,10.22,24.77,10.56,10.71,13.02,29.99,18.75,20.39,2.90,5.63,5.11,17.60,19.63,11.58,8.17,4
89.64,30.12,49.17,14.15,31.32,14.53,14.44,16.93,37.76,22.19,22.43,3.26,6.43,5.97,21.13,27.26,14.62,9.99,4
183.02,65.89,121.10,26.73,83.05,36.31,35.86,33.00,73.31,34.43,42.82,6.17,9.65,8.52,51.93,62.16,31.69,11.81,4
239.04,89.42,180.29,30.66,115.10,53.48,38.19,32.56,82.19,35.20,66.26,7.62,11.26,10.23,71.30,87.24,40.83,12.71,4
215.14,80.95,168.45,34.60,101.26,64.05,39.12,34.73,89.97,31.75,66.26,8.34,12.87,11.08,67.78,101.42,37.17,14.53,4
117.28,48.00,98.34,12.58,40.79,21.79,11.64,13.02,28.88,17.98,29.56,3.26,6.43,5.97,23.77,30.53,17.06,9.08,4
112.05,45.18,89.23,11.79,36.42,19.15,11.18,12.59,27.77,17.60,25.49,2.90,6.43,5.97,22.01,27.26,15.84,9.08,4
97.11,33.89,55.54,10.22,28.41,12.55,9.78,12.16,26.66,19.13,21.41,2.54,6.43,5.11,18.48,20.72,13.41,9.08,4
66.48,21.65,34.60,8.65,19.67,9.24,8.38,10.42,23.33,16.83,20.39,2.54,5.63,5.11,14.96,16.36,10.36,8.17,4
53.78,17.88,27.32,7.08,16.75,7.92,7.92,9.55,21.10,15.30,19.37,2.54,5.63,5.11,13.20,14.18,9.14,7.27,4
54.53,17.88,28.23,7.86,16.75,8.58,8.38,10.42,23.33,15.69,18.35,2.54,5.63,5.11,13.20,15.27,9.75,8.17,4
242.03,87.54,160.26,38.53,90.33,56.78,33.54,36.03,87.75,35.58,41.80,6.89,12.87,11.08,47.53,80.70,32.30,15.44,4
290.58,108.24,211.25,40.89,119.47,63.39,38.66,39.07,96.63,39.02,57.09,7.98,13.67,11.08,63.38,83.97,40.83,15.44,4
277.88,103.54,198.50,37.74,114.37,58.76,35.86,36.47,89.97,38.26,55.05,7.25,12.87,11.08,60.73,83.97,39.00,15.44,4
289.09,108.24,213.07,38.53,120.93,62.73,36.33,36.47,91.08,38.26,58.11,7.62,12.87,11.08,64.26,83.97,40.83,14.53,4
281.62,105.42,209.43,41.67,121.66,69.99,41.92,40.81,101.08,37.88,60.15,8.34,13.67,11.93,66.02,93.78,40.83,15.44,4
230.82,87.54,177.56,29.09,103.44,50.84,32.14,29.52,71.09,32.52,58.11,6.53,10.45,9.38,58.97,73.06,35.95,12.71,4
121.01,44.24,81.04,20.44,55.36,26.41,27.95,25.62,55.54,24.87,34.66,4.72,8.04,6.82,36.97,49.07,22.55,9.99,4
91.88,32.94,57.36,15.73,41.52,19.81,22.36,20.84,44.43,21.81,28.54,3.99,6.43,5.97,29.93,38.17,17.67,9.08,4
77.69,31.06,61.01,7.08,29.14,11.88,7.92,9.12,18.88,15.30,23.45,2.54,5.63,5.11,17.60,17.45,12.19,8.17,4
61.25,26.36,54.63,7.08,21.13,11.88,7.45,8.25,17.77,12.63,20.39,2.54,5.63,5.11,14.96,18.54,10.97,8.17,4
60.51,25.41,50.99,7.08,20.40,11.22,7.45,8.25,17.77,12.63,21.41,2.18,4.82,5.11,14.08,18.54,10.36,8.17,4
76.94,31.06,62.83,8.65,26.95,14.53,9.32,10.85,23.33,14.54,23.45,2.54,5.63,5.11,17.60,20.72,12.19,8.17,4
85.16,33.89,61.92,11.79,37.15,17.17,13.51,13.89,29.99,17.60,26.51,2.90,5.63,5.11,22.01,26.17,14.02,8.17,4
40.34,18.83,40.97,6.29,21.13,13.21,8.85,8.25,17.77,11.48,24.47,2.54,4.82,5.11,16.72,25.08,10.36,7.27,4
43.33,20.71,45.53,7.08,22.58,15.85,10.25,9.55,19.99,11.48,24.47,2.90,5.63,5.97,18.48,30.53,11.58,8.17,4
70.22,25.41,41.89,7.08,24.04,8.58,8.38,10.42,23.33,17.22,20.39,2.54,5.63,5.11,16.72,15.27,10.97,7.27,4
32.12,11.30,18.21,4.72,10.93,9.90,6.52,7.81,17.77,12.63,24.47,3.26,4.82,5.11,10.56,10.90,6.70,7.27,4
38.84,13.18,20.94,8.65,12.38,9.24,8.85,10.85,24.44,13.39,19.37,2.54,5.63,5.11,11.44,17.45,7.92,8.17,4
180.77,66.83,124.75,23.59,75.03,33.67,24.22,25.18,59.98,29.46,39.76,5.08,8.85,7.67,41.37,52.34,26.20,11.81,4
134.46,51.77,97.43,18.87,56.09,27.73,19.56,20.41,45.54,23.34,33.64,4.35,8.04,6.82,31.69,42.53,20.11,10.90,4
125.50,48.95,90.14,18.87,52.45,28.39,20.03,20.84,46.65,22.19,31.60,4.35,8.04,7.67,29.93,40.35,18.89,10.90,4
126.24,48.95,90.14,18.87,52.45,27.07,19.56,20.41,45.54,22.57,32.62,3.99,8.04,6.82,29.93,39.26,18.89,9.99,4
123.26,47.06,86.50,17.30,51.72,23.77,17.70,18.67,42.21,22.57,31.60,3.63,7.24,5.97,29.05,34.90,18.89,9.08,4
117.28,45.18,81.04,17.30,49.54,23.11,18.17,19.10,43.32,22.19,29.56,3.63,7.24,6.82,28.17,34.90,17.67,9.08,4
108.32,40.47,72.84,16.51,45.89,21.79,18.17,19.10,42.21,21.42,28.54,3.63,7.24,6.82,27.29,35.99,17.06,9.99,4
115.79,44.24,80.13,16.51,49.54,24.43,17.23,18.23,41.10,21.81,30.58,3.63,7.24,5.97,29.05,34.90,17.67,9.08,4
39.59,16.00,30.96,6.29,19.67,9.90,8.85,9.12,18.88,11.86,19.37,2.18,4.82,5.11,14.08,16.36,8.53,7.27,4
30.63,13.18,26.41,3.93,11.66,6.60,5.59,6.95,14.44,10.33,17.33,2.18,4.82,5.11,9.68,12.00,6.70,7.27,4
17.93,6.59,11.84,3.93,7.28,5.28,5.59,6.95,15.55,10.33,16.31,2.18,4.82,4.26,7.92,8.72,4.87,7.27,4
7.47,10.35,21.85,4.72,8.74,8.58,6.52,7.38,16.66,10.71,16.31,2.18,4.82,5.11,7.04,7.63,4.27,6.36,4
19.42,8.47,15.48,3.93,9.47,5.28,5.59,6.51,13.33,9.95,17.33,2.18,4.02,4.26,8.80,9.81,5.48,6.36,4
36.60,15.06,27.32,6.29,16.03,9.24,8.38,9.12,18.88,11.48,18.35,2.18,4.82,4.26,11.44,15.27,7.31,7.27,4
129.23,48.00,85.59,22.80,51.72,30.37,22.82,24.31,54.43,24.49,30.58,4.35,8.04,7.67,29.93,44.71,19.50,10.90,4
445.21,166.60,328.71,58.18,182.85,86.50,47.51,51.23,133.29,56.24,77.48,9.79,17.69,13.64,91.54,110.14,60.33,19.07,4
704.42,256.96,519.92,107.72,317.62,170.35,82.44,83.79,268.79,84.55,128.45,17.41,32.16,23.87,161.96,214.83,109.69,31.79,4
680.52,251.31,473.49,91.99,295.76,118.85,67.07,73.81,194.38,87.61,96.85,13.42,24.93,17.90,134.67,153.76,101.76,28.15,4
90.39,30.12,46.44,14.15,27.68,14.53,13.04,16.06,34.43,21.04,21.41,3.26,7.24,5.97,19.36,25.08,14.02,9.99,4
347.36,128.01,248.58,49.54,155.89,77.91,52.17,49.93,124.40,50.88,69.32,9.79,15.28,12.79,83.62,109.05,53.01,17.26,4
61.25,24.47,45.53,7.86,26.95,11.88,10.25,10.85,22.21,14.92,21.41,2.54,5.63,5.11,16.72,19.63,10.97,8.17,4
48.56,19.77,35.51,7.08,20.40,9.90,8.38,9.12,19.99,13.01,20.39,2.18,4.82,4.26,14.08,15.27,9.14,7.27,4
47.06,19.77,36.42,7.08,19.67,9.90,8.38,9.12,18.88,12.63,19.37,2.18,4.82,5.11,13.20,16.36,9.14,7.27,4
47.81,19.77,35.51,7.08,19.67,9.90,7.92,9.12,19.99,13.01,20.39,2.18,4.82,5.11,13.20,16.36,9.14,7.27,4
695.46,246.61,498.07,84.92,267.35,142.62,57.76,59.91,175.49,65.80,100.93,13.06,24.93,18.75,126.75,163.57,88.36,26.34,4
794.81,277.67,561.81,91.99,303.05,155.16,62.41,63.82,192.15,71.93,111.12,14.15,26.54,20.46,142.59,176.66,100.54,28.15,4
516.93,183.54,347.83,53.47,200.33,77.25,42.85,46.02,118.85,59.68,78.50,8.71,16.08,12.79,95.94,98.14,67.03,18.16,4
298.80,105.42,187.57,41.67,111.46,54.14,34.00,38.64,92.19,42.85,48.93,6.89,12.87,10.23,56.33,71.97,39.00,15.44,4
302.54,106.36,191.22,40.10,114.37,53.48,33.54,37.34,89.97,43.61,50.97,6.89,12.87,10.23,58.09,71.97,40.22,14.53,4
321.96,112.95,207.61,42.46,123.11,58.76,36.33,39.94,95.52,45.53,55.05,7.25,12.87,10.23,63.38,78.52,43.26,15.44,4
310.75,109.19,199.41,39.31,119.47,52.16,34.47,37.77,91.08,44.38,51.99,6.89,12.87,10.23,61.62,74.15,41.44,15.44,4
91.13,37.65,79.22,13.37,42.25,29.05,15.84,14.76,32.21,16.83,32.62,3.99,6.43,6.82,25.53,41.44,15.84,9.08,4
48.56,19.77,35.51,6.29,19.67,7.92,6.99,8.68,19.99,13.39,19.37,2.18,4.82,5.11,13.20,13.09,9.14,7.27,4
29.13,10.35,17.30,3.93,9.47,5.28,5.59,6.95,15.55,11.48,17.33,2.18,4.82,4.26,8.80,9.81,6.09,6.36,4
30.63,11.30,18.21,5.50,10.20,6.60,6.52,7.81,17.77,11.86,17.33,2.18,4.82,5.11,9.68,12.00,6.70,7.27,4
93.38,34.83,61.01,11.79,31.32,15.85,11.18,13.46,29.99,17.98,23.45,2.90,6.43,5.97,19.36,23.99,13.41,9.08,4
102.34,39.53,72.84,8.65,32.05,13.21,8.38,10.42,22.21,17.22,23.45,2.90,6.43,5.97,19.36,20.72,14.02,9.08,4
71.71,29.18,55.54,8.65,22.58,13.21,8.38,9.99,22.21,13.77,20.39,2.54,6.43,5.97,14.96,20.72,10.97,9.08,4
82.17,31.06,55.54,11.01,29.87,15.19,10.71,13.02,27.77,16.83,22.43,2.90,6.43,5.97,18.48,23.99,12.80,9.08,4
76.94,29.18,52.81,10.22,28.41,14.53,10.71,12.59,27.77,16.45,22.43,2.90,6.43,5.97,17.60,21.81,12.19,9.08,4
74.70,28.24,50.99,9.44,26.95,13.21,9.32,11.29,24.44,16.07,22.43,2.54,5.63,5.11,16.72,19.63,11.58,8.17,4
70.97,27.30,48.26,9.44,26.23,13.87,9.78,11.72,25.55,15.69,21.41,2.54,5.63,5.11,16.72,20.72,10.97,8.17,4
86.65,33.89,61.92,11.01,32.05,15.85,10.71,12.59,27.77,17.22,24.47,2.90,5.63,5.11,19.36,22.90,13.41,8.17,4
91.88,35.77,64.65,11.79,33.51,16.51,10.71,13.02,28.88,17.60,23.45,2.90,6.43,5.97,20.24,23.99,13.41,9.08,4
88.15,33.89,61.92,11.01,32.05,15.19,10.71,12.59,27.77,17.22,23.45,2.90,5.63,5.97,19.36,22.90,13.41,8.17,4
48.56,17.88,29.14,5.50,14.57,6.60,6.06,7.81,16.66,13.01,18.35,2.18,4.82,5.11,11.44,12.00,8.53,7.27,4
